pid,Edad,Genero,idc1,idc2,idc3,idc4,idc5,idc6,idc7,idc8,idc9
5001,54,2,6,5,6,6,4,6,6,6,5
5002,34,2,7,7,7,7,7,7,7,7,7
5003,29,2,7,7,7,7,3,3,3,4,4
5005,40,1,6,7,7,7,7,7,7,7,7
5006,38,2,4,5,6,4,4,4,4,4,4
5008,20,2,7,6,7,6,5,7,7,7,7
5009,40,2,7,7,7,7,7,7,7,7,7
5010,28,2,5,7,7,5,5,4,6,4,4
5012,35,1,7,7,7,7,7,7,7,7,4
5013,32,2,7,7,7,7,7,7,7,7,7
5014,39,1,7,7,7,7,7,7,7,7,7
5015,33,2,7,7,7,7,7,5,7,7,7
5016,25,1,5,5,7,7,5,2,2,6,7
5017,23,1,7,7,6,6,6,7,6,7,6
5018,54,2,5,7,7,7,6,5,6,5,6
5019,43,2,7,7,7,7,7,7,7,7,7
5020,48,2,3,5,3,2,3,2,3,2,2
5022,58,1,1,4,1,1,3,1,3,1,1
5023,40,1,5,5,5,4,5,3,3,4,3
5024,34,1,5,6,6,6,6,6,6,6,6
5025,37,2,7,7,7,7,7,7,7,7,7
5026,21,1,7,7,7,7,7,7,7,7,7
5027,27,1,7,7,7,6,7,5,5,6,4
5028,24,2,7,7,7,7,7,7,7,7,7
5029,30,1,3,7,7,4,2,1,5,3,1
5033,25,2,6,6,6,5,5,5,5,6,5
5034,33,2,7,7,7,7,7,7,7,7,4
5035,27,2,7,7,7,4,4,4,7,7,7
5036,56,1,7,7,7,7,7,7,7,7,7
5037,52,2,7,4,7,4,4,4,4,4,4
5041,49,1,7,7,7,7,6,6,7,7,7
5047,52,1,7,7,7,7,7,7,7,7,7
5048,29,1,7,7,7,7,7,7,7,7,7
5051,64,1,5,5,5,5,5,5,5,5,5
5052,39,1,6,7,7,7,7,6,7,7,6
5054,33,2,7,7,7,6,6,6,7,7,6
5055,59,2,7,7,6,7,6,6,6,6,6
5056,34,2,7,7,7,6,6,6,6,6,6
5057,52,1,7,7,7,7,7,7,7,7,7
5058,,2,7,7,7,,7,4,5,7,3
5059,38,2,7,7,7,7,7,7,7,7,7
5060,24,2,7,7,7,7,7,7,7,7,7
5061,48,2,7,7,7,7,5,5,7,7,7
5062,34,2,6,6,7,7,5,5,5,6,5
5063,42,1,6,2,7,7,4,2,2,6,4
5064,22,2,5,6,7,4,4,4,7,5,5
5065,39,2,3,4,3,3,3,2,3,2,3
5091,64,1,7,7,7,7,7,7,7,7,5
5092,21,1,7,7,6,7,5,6,5,7,7
5093,47,1,7,7,7,7,7,5,7,7,7
5094,21,2,7,7,7,5,5,4,6,6,6
5095,21,2,7,5,7,5,6,7,7,7,7
5096,18,1,7,7,,6,6,7,6,5,5
5097,54,1,7,7,7,7,7,7,7,7,7
5098,26,2,7,7,7,7,7,6,6,7,7
5099,25,2,7,4,7,7,7,5,7,7,7
5100,37,1,7,7,7,7,6,7,7,6,6
5101,27,2,5,4,7,5,2,2,4,5,4
5102,32,2,7,7,7,7,7,7,7,7,7
5103,31,2,4,7,5,6,7,7,7,7,6
5104,23,1,4,5,6,7,7,1,2,1,3
5105,37,2,3,5,5,7,5,5,5,5,5
5106,20,1,7,7,7,7,7,5,5,6,7
5107,52,2,7,7,7,7,7,7,7,7,7
5108,30,2,4,4,7,6,4,4,4,4,4
5109,20,2,7,5,7,7,6,6,6,7,7
5111,29,2,5,6,7,7,6,6,6,6,6
5112,24,2,7,7,7,4,4,4,6,7,7
5113,30,2,6,6,7,6,6,4,6,6,6
5117,49,1,7,,,,,,,,
5118,30,2,7,7,7,7,7,7,7,7,6
5119,59,1,1,1,1,1,1,1,1,1,1
5126,49,2,7,5,7,5,5,5,7,7,7
5127,42,1,7,7,7,7,6,6,6,7,7
5128,41,2,7,7,7,5,5,3,5,5,5
5129,41,1,7,7,7,7,7,7,7,7,7
5130,67,1,7,7,7,7,7,7,7,7,7
5131,22,1,7,7,7,6,6,6,7,7,6
5132,50,2,7,7,7,6,6,6,7,7,6
5133,62,2,7,7,7,7,7,7,7,7,7
5134,31,1,6,6,7,6,5,5,7,7,5
5135,26,2,6,7,7,7,6,6,7,7,7
5136,21,2,7,7,7,7,7,7,7,7,7
5137,30,2,5,7,6,6,6,6,7,7,5
5138,50,2,7,6,7,6,6,6,7,7,7
5139,28,2,7,7,7,5,5,5,6,6,6
5141,48,2,7,7,7,4,5,4,5,6,4
5146,20,2,6,6,7,5,5,4,5,6,4
5147,72,1,7,6,7,7,7,7,7,6,7
5148,46,2,7,7,7,6,5,5,5,5,5
5149,34,2,5,5,6,7,4,4,5,1,1
5150,39,1,3,3,4,2,2,1,1,3,1
5151,23,1,7,7,7,7,7,5,6,7,6
5152,52,2,7,7,6,7,6,5,6,7,7
5153,34,2,6,6,6,6,6,2,6,6,6
5154,48,2,7,7,7,7,7,7,7,7,7
5155,38,2,7,7,7,6,6,6,6,6,7
5156,31,1,1,1,1,1,1,1,1,1,1
5157,37,2,5,5,6,6,5,4,7,5,5
5158,45,2,7,7,7,7,7,2,5,5,7
5159,28,2,7,7,7,7,7,5,4,5,4
5165,33,2,5,6,7,5,5,4,6,5,5
5166,29,1,5,7,7,5,5,1,7,6,4
5167,26,2,7,7,7,7,6,6,7,7,7
5168,17,2,7,7,7,6,6,2,,5,2
5169,22,2,6,7,7,1,5,1,3,5,1
5170,28,2,7,7,7,7,7,7,7,7,7
5171,29,1,7,7,7,7,7,4,6,7,4
5176,36,2,6,6,6,6,6,5,6,6,6
5177,52,2,7,7,7,7,7,5,5,5,2
5178,50,1,7,7,7,7,7,7,7,7,7
5179,58,1,7,7,7,7,7,6,5,5,3
5180,41,1,6,6,7,6,5,5,5,5,5
5181,38,2,7,7,7,7,7,7,7,7,7
5182,40,2,7,7,7,7,7,7,7,7,7
5191,27,1,6,6,7,7,6,6,6,7,7
5192,47,2,7,7,7,7,7,4,7,7,1
5193,31,1,6,7,7,7,7,7,7,7,7
5194,21,2,6,7,7,7,7,7,7,7,7
5195,24,2,5,6,6,6,6,5,5,6,6
5196,25,1,5,5,5,5,5,2,6,6,4
5198,36,1,7,7,7,7,7,7,7,7,7
5199,32,2,7,7,7,7,4,1,4,7,7
5202,30,1,7,7,7,7,7,6,7,7,1
5203,57,1,7,7,7,7,7,7,7,7,7
5204,45,2,7,7,7,7,7,7,7,7,7
5206,37,1,4,4,4,4,4,2,2,2,1
5220,44,1,4,4,,,4,3,,,
5221,26,2,7,7,7,7,7,7,7,7,7
5222,71,2,7,7,7,7,7,7,6,7,6
5223,28,2,4,4,5,4,5,4,4,4,4
5225,27,2,1,3,2,2,1,1,1,1,1
5226,,2,7,7,7,7,7,7,7,7,7
5227,42,2,7,7,7,7,7,6,7,6,7
5228,36,2,7,7,7,7,7,3,7,7,7
5229,70,2,7,7,7,7,7,7,7,7,7
5230,56,1,7,7,7,7,7,7,7,7,7
5231,56,2,7,7,7,7,7,7,7,7,7
5232,23,1,7,7,7,7,7,7,7,7,7
5233,29,1,7,7,7,7,7,6,7,7,7
5241,,,7,7,7,7,7,7,7,7,7
5242,47,2,7,7,7,7,6,6,7,7,6
5244,24,1,7,7,7,5,5,7,6,4,7
5245,21,2,7,7,7,7,7,7,7,7,7
5246,39,1,7,7,7,7,7,7,7,7,7
5247,22,1,7,5,7,7,7,5,7,7,6
5248,34,1,1,7,7,1,4,1,7,4,7
5249,27,2,7,7,7,7,7,4,5,6,7
5250,50,2,7,7,7,7,7,7,7,7,7
5251,29,1,7,7,7,7,7,4,4,7,7
5252,49,2,7,7,7,7,7,7,7,7,7
5253,62,1,7,7,7,7,7,7,7,7,2
5254,37,2,7,7,7,7,7,6,6,6,6
5255,26,2,7,7,7,4,7,5,4,7,7
5259,48,2,7,7,7,5,6,5,5,6,7
5260,73,2,7,7,7,7,7,6,6,6,7
5261,47,2,7,7,7,7,7,7,7,7,7
5262,43,2,7,6,6,6,5,5,6,6,6
5263,61,2,7,7,7,7,7,6,7,7,6
5264,29,2,4,7,7,7,6,5,6,7,7
5265,24,2,7,7,7,7,7,5,5,7,6
5266,37,1,7,7,7,7,5,6,6,6,6
5267,38,1,7,7,7,7,7,7,7,7,7
5268,53,1,1,2,1,1,1,1,1,1,1
5269,28,2,7,7,7,7,7,7,7,7,7
5270,44,2,7,7,7,7,7,6,7,7,7
5271,29,1,7,7,7,7,7,7,7,7,7
5272,26,2,1,2,3,1,1,1,2,1,1
5273,51,2,7,3,7,1,2,3,6,7,7
5274,32,1,5,7,1,5,7,2,4,4,4
5275,28,2,7,7,7,7,5,6,7,7,7
5276,28,2,7,7,7,7,7,5,7,7,7
5277,61,1,7,7,7,7,7,7,7,7,7
5278,50,2,7,7,7,7,,5,7,7,7
5160,51,2,7,7,7,7,7,7,7,7,7
5161,59,1,7,7,7,7,7,7,7,7,7
5162,26,2,5,5,7,5,5,5,5,6,3
5163,30,1,4,4,4,4,3,4,4,4,1
5172,51,2,7,7,7,7,7,7,7,7,
5173,50,2,7,7,7,7,7,7,7,7,6
5174,39,2,1,5,1,1,1,1,5,1,5
5175,50,2,7,7,7,7,7,4,7,6,7
5183,39,2,5,5,7,5,5,5,5,5,5
5184,20,2,7,6,7,4,5,5,6,5,6
5185,24,1,7,6,7,4,5,5,6,5,6
5187,78,1,6,7,5,6,7,5,7,7,5
5205,36,2,5,6,5,5,5,5,5,5,5
5207,56,1,7,7,7,7,7,7,7,7,7
5209,31,2,7,7,7,7,7,7,7,7,7
5210,49,2,7,7,7,7,5,5,5,7,7
5211,39,2,5,5,4,4,4,3,5,4,4
5212,54,2,7,7,7,7,7,6,7,7,6
5213,29,1,5,5,7,5,3,2,6,5,2
5214,26,2,6,5,5,6,6,2,5,5,4
5208,26,2,4,6,7,4,4,4,6,6,6
5215,19,2,4,6,7,5,6,4,7,5,6
5216,18,2,4,4,5,4,4,3,6,5,2
5217,32,2,7,5,7,6,6,4,6,6,6
5218,33,1,1,3,3,3,6,1,2,2,1
5219,48,2,6,7,7,7,6,6,6,6,5
5280,78,1,7,7,7,7,7,7,7,7,7
5281,70,2,7,7,7,7,7,7,7,7,7
5282,66,1,7,7,7,7,7,1,7,7,7
5283,23,1,2,5,1,1,3,3,4,4,5
5284,28,1,7,7,7,7,6,6,7,6,6
5285,18,1,7,7,7,7,5,3,6,7,6
5286,60,1,4,6,7,7,7,4,7,7,4
5287,25,2,7,2,7,1,5,1,4,6,6
5288,49,2,7,7,7,7,6,1,3,7,3
5289,54,1,7,7,7,7,7,7,7,7,7
5290,59,2,7,6,6,5,5,5,5,5,7
5291,60,2,7,7,7,7,7,7,7,7,7
5292,30,2,6,7,7,7,6,6,6,6,6
5293,23,2,5,4,7,4,3,2,4,3,5
5294,43,2,1,1,1,1,3,2,1,1,1
5295,38,2,7,4,7,5,5,4,5,7,7
5296,48,2,7,7,7,7,7,6,7,6,6
5297,29,2,7,6,7,7,7,6,7,7,4
5298,27,2,7,7,7,7,7,7,7,7,7
5299,28,2,5,7,7,6,6,4,6,5,5
5300,48,1,7,7,7,7,7,7,7,7,7
5067,23,2,6,6,6,4,5,6,4,6,5
5068,21,2,6,5,7,4,6,4,5,6,5
5069,24,2,4,6,7,4,6,6,7,6,4
5070,24,1,2,3,1,2,3,2,3,3,4
5072,41,2,6,6,7,6,5,5,5,6,7
5073,57,2,7,7,,7,7,7,7,7,7
5074,64,1,7,7,7,5,5,5,7,7,7
5075,20,2,7,7,7,5,6,4,7,7,7
5077,27,2,7,7,7,7,7,7,7,7,7
5078,31,1,1,1,1,1,2,4,1,1,1
5079,28,2,6,6,7,5,6,5,6,6,6
5080,49,2,6,6,7,6,6,5,5,6,6
5081,,2,7,7,7,7,7,7,7,7,7
5082,28,2,7,7,7,5,4,5,5,7,7
5083,62,2,7,7,7,7,6,7,7,7,7
5084,52,2,6,7,7,7,7,6,6,7,5
5085,26,1,7,7,7,7,6,5,6,6,6
5086,30,1,7,7,7,7,4,4,4,7,7
5089,53,1,7,7,7,7,7,7,7,7,7
5090,47,2,7,7,7,7,6,6,7,7,7
5030,47,2,6,7,7,7,7,7,7,6,6
5031,28,2,6,6,6,6,6,6,7,7,7
5032,32,2,7,7,7,7,7,7,7,7,7
5110,21,1,5,4,6,4,4,4,4,4,3
5142,30,1,4,4,4,4,3,3,4,4,4
5143,33,2,4,4,4,4,4,1,4,4,4
5144,43,1,2,3,3,3,2,1,3,3,1
5145,40,2,3,3,3,3,2,1,3,3,1
5234,41,2,7,7,7,6,5,6,7,7,5
5235,42,1,7,7,7,7,7,7,7,7,7
5236,42,2,7,7,7,1,1,1,7,7,6
5237,,,7,7,7,7,7,7,7,7,7
5238,38,1,7,7,7,7,7,7,7,7,7
5239,41,2,7,7,7,7,7,7,7,7,7
5240,38,2,7,7,7,7,7,7,7,7,7
5087,44,1,7,7,7,7,7,7,7,7,7
5189,39,2,7,7,7,5,7,6,6,7,7
5243,47,1,7,7,7,7,7,7,7,7,7
5256,54,2,6,5,7,6,6,6,6,6,6
5257,58,1,7,7,7,7,7,7,7,7,7
5258,46,1,7,7,7,7,7,7,7,7,7
5186,38,1,6,6,6,6,6,6,6,6,6
5188,48,2,7,7,7,7,7,7,7,7,7
5190,27,1,6,6,6,5,5,5,5,5,6
7001,22,2,6,6,7,6,6,4,4,6,4
7002,23,1,1,3,4,2,3,4,3,4,3
7003,21,1,4,6,7,2,5,1,6,5,4
7004,19,1,5,5,6,6,6,5,5,5,4
7005,23,2,1,4,6,1,1,1,6,4,1
7006,56,1,4,4,5,3,4,3,4,4,4
7007,46,2,6,6,6,5,5,5,5,5,5
7008,25,1,4,5,7,4,5,3,6,4,4
7009,31,1,6,6,7,4,4,1,7,6,4
7010,23,2,6,6,6,5,5,4,5,5,5
7011,24,1,6,3,6,5,5,5,5,5,3
7012,19,1,6,5,4,5,5,6,5,6,5
7013,23,1,5,5,6,4,5,4,4,5,5
7014,20,2,4,4,2,4,4,3,5,4,1
7015,20,2,7,7,7,7,7,7,7,7,7
7016,28,1,6,6,6,5,6,4,6,6,6
7017,26,2,6,5,7,5,5,1,4,5,2
7018,19,2,5,6,3,1,4,1,7,4,1
7019,19,2,6,6,6,5,5,3,7,5,1
7020,24,1,6,6,7,7,6,2,5,5,5
7021,22,2,7,5,7,2,3,3,7,5,3
7022,23,1,5,6,7,5,4,4,7,5,4
7023,22,1,5,5,5,4,5,4,5,5,4
7024,24,1,7,7,7,7,7,7,7,7,7
7025,18,2,7,7,7,7,7,6,7,7,7
7026,20,1,4,4,6,4,4,5,5,5,4
7027,19,2,5,5,7,5,5,2,6,5,4
7028,22,1,5,5,5,5,5,5,5,5,5
7029,19,1,7,7,7,7,7,6,6,7,7
7037,32,2,5,6,6,6,6,7,7,6,6
7038,30,1,7,7,7,7,7,5,6,7,4
7030,24,1,4,4,7,4,4,2,5,4,1
7039,54,1,6,6,6,6,6,6,6,6,5
7040,75,2,4,5,5,4,5,3,4,4,5
7041,48,2,5,5,5,5,5,4,5,5,5
7042,80,1,5,5,5,5,5,4,4,5,5
7043,45,1,6,6,6,6,6,5,5,5,5
7044,50,2,6,6,6,6,6,5,5,5,5
7045,72,1,5,5,5,5,5,5,5,6,5
7046,27,1,6,6,6,6,5,5,5,5,5
7049,32,2,6,6,6,5,5,6,6,6,6
7050,18,1,6,6,6,5,5,4,4,5,5
7051,40,2,5,5,5,4,5,3,4,4,4
7057,18,1,6,7,7,7,6,5,5,6,5
7058,18,1,3,4,7,3,4,4,7,6,6
7059,21,2,6,7,7,5,6,5,6,6,5
7060,22,2,5,5,5,4,4,4,5,5,5
7061,24,2,5,7,7,4,6,5,7,7,5
7062,18,1,5,2,4,6,1,6,4,1,2
7063,18,2,7,6,7,6,7,7,7,5,7
7064,18,2,6,5,5,6,5,5,5,5,5
7065,19,2,7,7,7,7,7,7,6,7,7
7066,18,1,7,7,7,4,5,4,6,6,6
7068,14,2,3,5,3,3,4,1,4,4,1
7069,19,2,2,2,1,3,1,3,4,2,2
7070,18,1,7,7,7,7,7,4,6,7,6
7071,18,2,6,6,7,5,6,5,4,6,2
7072,25,2,7,7,7,7,5,5,7,7,6
7073,19,2,6,6,6,5,5,4,6,6,4
7032,22,1,6,6,6,4,6,6,6,6,4
7148,22,1,7,4,7,7,4,4,4,5,4
7149,22,1,7,5,7,5,5,5,7,7,7
7150,24,1,6,6,7,7,7,5,6,6,4
7151,19,2,6,7,7,6,6,6,6,7,4
7152,25,2,5,5,6,6,5,5,7,7,7
7153,23,2,5,5,6,4,5,4,5,5,6
7154,24,2,7,7,7,7,7,4,7,7,7
7155,40,2,7,7,7,7,7,7,7,7,7
7156,31,1,7,7,7,7,6,7,7,7,7
7157,18,2,7,7,7,6,4,5,5,6,4
7158,22,1,6,6,6,6,5,5,5,5,4
7159,24,2,5,5,4,4,5,3,6,3,4
7160,21,2,5,6,6,5,5,5,6,6,6
7118,24,1,4,4,4,5,5,4,6,4,3
7119,25,1,6,6,7,6,6,6,6,6,6
7120,21,2,6,6,6,6,3,3,6,4,3
7121,27,2,4,4,4,4,4,4,4,4,4
7122,23,2,3,4,5,5,4,4,4,4,4
7123,18,2,6,6,6,6,6,5,6,6,6
7124,18,1,6,6,6,6,6,5,6,6,6
7125,36,2,6,6,5,5,5,5,5,5,5
7126,50,2,5,5,5,4,4,4,5,5,4
7127,41,2,6,5,6,5,5,4,5,4,5
7128,61,2,6,6,6,5,6,6,4,5,4
7129,51,2,5,5,5,5,5,5,5,5,5
7130,58,1,5,4,4,4,4,4,4,4,4
7131,24,2,4,3,4,3,4,3,4,4,4
7132,54,1,6,5,5,5,5,5,5,5,5
7133,18,2,5,5,5,5,5,5,5,5,5
7134,20,1,5,5,5,5,5,5,5,5,5
7135,23,2,5,5,5,5,4,4,5,5,5
7136,19,2,6,6,6,6,6,6,7,7,6
7137,18,2,5,6,7,5,3,4,5,4,1
7138,18,2,1,2,7,1,3,1,3,1,1
7139,18,2,4,5,4,4,3,2,5,4,1
7140,29,2,5,5,5,4,5,4,4,5,5
7141,25,1,5,5,5,5,5,5,5,5,5
7142,19,2,5,5,5,5,5,5,5,5,5
7143,20,1,5,5,5,5,5,5,5,5,5
7144,32,2,5,5,5,5,5,5,5,5,5
7145,22,1,6,5,5,5,5,5,5,5,5
7146,26,2,5,5,5,5,5,4,5,6,4
7147,20,2,6,6,6,5,5,5,5,5,5
7088,65,1,7,7,7,7,7,4,6,6,4
7089,54,2,6,6,6,6,6,6,6,6,5
7090,25,1,6,6,6,4,5,4,5,5,4
7091,30,2,7,7,7,7,7,4,4,7,4
7092,53,2,6,6,6,6,6,4,6,6,5
7093,59,1,6,7,7,6,6,4,6,6,6
7094,63,2,7,7,7,7,7,7,7,6,6
7095,66,2,5,3,5,2,3,1,1,3,2
7096,35,1,6,6,6,6,6,4,6,6,5
7031,27,2,6,6,7,4,6,4,7,7,4
7097,36,2,7,7,7,5,6,5,7,7,7
7098,22,2,7,6,6,6,6,6,6,6,6
7099,18,1,5,5,5,4,4,5,5,5,5
7100,49,2,6,6,5,6,5,6,7,6,6
7101,22,2,6,6,7,6,5,4,7,6,
7102,23,1,3,7,6,5,5,5,7,4,3
7103,23,1,7,7,7,6,6,5,4,6,6
7104,23,1,5,4,7,6,5,6,7,5,4
7105,28,2,7,5,7,7,6,5,6,6,6
7106,55,2,5,6,6,5,6,5,5,6,6
7035,24,2,5,5,6,3,3,3,7,4,4
7034,18,2,4,6,6,6,3,1,6,4,4
7033,18,2,7,6,7,5,5,5,6,6,6
7052,26,2,4,4,4,4,4,4,4,4,4
7053,18,1,5,5,5,5,5,4,4,4,4
7054,20,2,5,5,5,5,5,4,4,4,4
7055,37,2,5,5,6,6,6,4,4,4,5
7056,35,2,5,5,5,5,5,5,5,5,5
7178,41,1,6,6,6,6,6,6,6,6,6
7179,21,2,6,5,4,5,5,6,5,6,5
7180,27,1,6,6,6,6,6,6,6,6,5
7181,30,1,5,5,5,5,4,4,5,5,5
7036,32,1,5,7,7,5,5,5,6,5,5
7074,34,2,6,6,7,7,5,5,6,6,6
7078,26,2,7,7,7,7,7,4,6,7,6
7166,34,1,7,7,7,7,7,5,7,6,6
7047,22,1,5,5,5,4,4,5,4,5,5
7048,56,2,5,5,4,4,3,4,5,4,4
7163,36,2,6,6,7,6,5,3,5,6,5
7164,53,2,6,6,7,6,6,3,7,6,6
7161,31,1,7,7,7,7,7,4,7,7,4
7079,36,2,7,7,7,7,7,7,7,7,7
7075,43,1,6,6,7,7,7,5,6,6,6
7081,43,1,7,7,7,7,6,6,6,6,6
7077,28,1,7,7,7,7,7,7,7,7,7
7076,40,2,7,7,7,6,6,7,7,7,7
7082,40,1,7,7,7,7,7,7,7,7,7
7162,29,1,7,7,7,7,7,7,7,7,7
7085,60,2,6,6,6,6,6,6,5,6,5
7083,39,1,2,7,7,1,3,1,7,5,1
7084,36,1,1,4,2,1,4,1,4,1,1
7086,25,1,3,7,7,5,5,1,1,4,4
7080,37,1,2,2,2,2,2,2,2,2,2
7165,36,1,7,7,7,7,7,7,7,7,7
8045,27,2,5,5,5,5,5,2,6,4,2
8110,24,2,6,6,6,6,6,6,6,6,6
8039,22,2,6,6,6,5,6,5,6,6,6
8026,23,1,7,5,7,5,5,1,5,7,4
8120,22,1,2,3,4,4,4,1,4,4,4
8114,20,2,5,5,6,5,5,4,6,6,4
8069,23,1,6,6,6,6,6,6,6,6,5
8143,22,1,3,3,3,3,5,1,4,3,2
8005,22,1,6,4,6,5,5,2,5,5,5
8020,21,1,6,6,7,6,5,5,5,6,6
8038,20,1,4,4,7,4,4,4,4,4,4
8058,22,1,5,5,5,4,4,4,4,4,4
8067,22,1,7,6,7,5,5,5,6,7,7
8033,22,1,4,7,7,4,4,1,4,4,4
8102,22,1,4,3,6,5,4,1,5,4,3
8071,30,1,7,7,7,4,4,4,7,4,4
8146,28,1,4,4,5,4,4,4,4,4,4
8139,19,1,5,4,7,5,5,1,7,5,1
8077,37,1,6,6,6,6,6,5,6,6,6
8076,28,2,4,3,5,3,2,2,6,5,2
8073,31,2,4,4,4,4,4,3,5,4,4
8072,57,1,7,7,7,7,7,7,7,7,6
8068,20,2,7,7,7,7,7,7,7,7,4
8075,21,1,6,6,6,6,6,4,6,6,3
8140,22,2,5,5,6,5,5,4,5,5,4
8145,64,1,7,7,7,7,7,7,7,7,7
8144,60,2,7,7,7,7,7,7,7,7,7
8149,50,2,6,7,7,6,6,6,7,7,5
8150,49,2,6,7,7,7,7,7,7,7,7
8141,59,1,7,6,7,6,6,5,6,6,6
8142,58,2,6,6,7,6,5,5,5,5,4
8006,22,2,6,6,7,5,5,2,5,5,2
8131,23,1,5,4,5,4,3,2,3,4,4
8130,63,1,6,6,6,6,4,4,6,6,4
8129,21,2,6,6,6,4,4,4,4,5,4
8059,54,2,5,4,6,6,4,4,5,4,4
8070,24,1,5,5,6,5,5,5,5,6,6
8133,31,1,6,4,6,6,4,4,6,6,4
8128,18,1,6,4,6,4,3,2,6,5,3
8037,51,2,7,7,7,6,6,6,6,6,1
8065,23,2,1,4,1,1,5,1,5,1,1
8053,57,2,6,5,6,6,5,4,5,5,4
8051,29,2,4,4,5,4,5,4,6,4,4
8064,22,2,6,6,6,6,4,4,6,6,4
8148,22,1,7,5,7,6,6,4,5,6,4
8081,38,1,6,7,7,6,6,5,6,6,6
8116,49,2,6,4,6,4,4,4,5,4,5
8105,22,1,6,6,7,6,6,5,6,5,5
8104,22,1,7,5,6,6,5,5,5,6,7
8138,20,1,6,5,6,5,4,4,5,5,4
8063,22,2,6,4,4,4,4,4,4,4,4
8134,21,1,7,6,7,7,6,6,7,7,6
8066,22,1,7,7,7,7,7,4,5,7,7
8137,42,1,7,7,7,6,6,6,6,6,6
8136,18,2,4,5,4,4,5,3,6,2,2
8057,24,1,6,4,7,6,4,5,5,5,4
8062,27,1,4,4,5,4,4,3,4,4,3
8125,22,2,6,6,6,6,6,6,6,6,6
8126,22,1,5,6,6,6,6,6,6,6,5
8055,22,1,6,6,6,6,6,6,6,6,6
8056,55,2,5,6,5,5,6,4,5,4,5
8060,21,1,6,6,6,6,6,6,6,6,4
8099,26,1,6,6,5,5,5,5,5,5,5
8111,59,2,4,4,3,4,4,4,3,3,3
8035,56,1,5,6,5,5,5,5,5,5,5
8017,46,2,7,7,7,7,7,7,7,7,7
8086,53,1,5,5,7,6,4,4,3,4,4
8034,36,1,5,5,3,4,5,4,4,4,4
8028,19,2,4,4,7,1,3,1,1,3,3
8078,20,1,4,6,7,7,7,4,7,7,4
8013,19,1,7,6,6,7,6,7,7,7,7
8012,19,2,4,5,6,6,5,4,5,5,5
8096,22,2,3,5,3,3,5,2,5,4,3
8003,53,2,7,7,7,7,6,3,5,6,4
8123,24,2,2,4,5,2,1,2,4,2,2
8103,53,2,7,7,7,7,7,6,6,6,6
8107,19,2,5,7,6,5,6,2,7,5,2
8106,19,1,5,6,6,5,5,4,5,5,2
8090,51,2,6,7,7,6,6,6,7,6,6
8030,25,1,6,7,7,6,6,5,6,6,6
8029,26,1,5,7,7,6,5,5,6,6,2
8025,56,2,6,6,6,6,5,3,5,6,4
8101,18,1,4,3,7,2,2,3,6,4,4
8008,19,2,6,5,7,5,6,3,6,5,5
8061,23,2,4,5,5,4,5,5,4,4,4
8021,21,2,6,6,7,7,5,6,6,6,6
8109,21,1,4,7,7,4,4,1,7,5,5
8082,40,1,6,6,6,5,6,5,5,6,4
8089,24,1,5,5,7,5,5,5,5,5,5
8002,20,2,4,4,5,3,4,2,4,4,4
8024,19,2,6,7,7,6,7,5,5,6,4
8010,26,2,5,3,6,5,5,5,5,5,3
8016,23,2,4,7,7,1,4,1,7,4,4
8088,19,2,5,5,7,5,6,5,6,5,1
8009,19,2,5,5,5,5,5,5,4,4,3
8004,61,1,6,6,7,6,6,5,6,6,6
8112,28,2,7,7,7,7,7,7,7,7,7
8041,34,1,5,4,4,5,4,4,4,5,5
8092,22,1,5,5,4,4,4,5,5,5,4
8018,24,1,6,5,6,5,5,5,5,5,4
8032,24,1,4,5,5,5,5,4,5,4,4
8084,19,2,6,6,7,7,7,6,6,6,6
8117,19,2,6,7,7,6,6,6,6,6,7
8019,19,2,5,5,6,4,5,5,6,5,4
8027,19,1,7,7,7,5,5,3,5,5,6
8044,53,1,7,7,7,7,7,6,7,7,7
8119,22,1,5,6,7,5,2,2,6,6,5
8085,21,2,6,5,6,6,5,4,5,6,4
8118,52,2,7,7,7,7,7,7,7,7,7
8098,21,2,5,6,7,5,5,3,7,5,4
8097,24,1,5,6,7,6,5,5,6,5,4
8108,22,1,7,4,7,7,4,1,3,7,7
8091,23,2,5,5,7,5,3,4,5,5,3
8079,69,2,7,7,7,7,5,7,7,7,7
8095,52,2,5,5,6,6,4,5,5,5,5
8040,23,2,6,5,7,5,5,4,6,5,4
8124,19,2,7,7,7,7,6,6,7,7,1
8094,20,1,7,5,7,4,4,2,7,7,4
8121,20,2,7,5,7,5,5,2,6,6,5
8031,21,1,7,7,7,5,5,5,7,7,5
8042,21,2,7,7,7,6,5,6,7,7,7
8011,27,1,4,4,3,3,3,2,3,3,1
8122,21,1,5,6,7,5,5,5,6,6,4
8046,21,1,6,5,6,6,5,3,4,4,3
8022,18,2,5,5,6,5,5,3,3,4,3
8023,22,1,3,5,6,5,6,4,5,6,1
8080,19,1,6,6,6,6,6,5,5,6,5
8043,58,1,7,6,7,7,6,6,6,6,7
8083,19,1,7,5,5,5,2,2,2,4,4
8093,23,2,7,7,7,7,7,1,4,7,7
8113,53,2,7,6,7,6,6,5,6,6,6
8135,23,1,5,5,5,5,5,5,5,5,5
8036,22,1,2,5,5,3,2,2,5,3,1
8054,23,1,1,1,1,1,1,1,1,1,1
8127,18,2,4,6,5,6,4,3,6,4,4
8173,21,1,6,2,6,6,2,2,5,5,1
8171,24,1,5,5,5,5,4,4,5,5,1
8172,20,1,7,7,7,6,5,4,6,5,4
8174,19,2,6,5,6,4,4,3,5,6,4
8115,21,1,7,5,6,5,4,5,7,5,5
8170,71,2,5,5,5,5,5,4,5,5,4
8159,23,2,5,4,5,5,5,3,5,4,4
8162,23,1,6,5,7,6,6,5,6,6,5
8158,21,1,5,5,6,5,5,4,7,6,4
8166,21,2,5,4,7,4,5,4,6,5,4
8157,22,2,5,6,6,6,5,5,7,5,5
8161,25,1,5,5,5,5,5,6,5,6,5
8160,19,1,3,4,3,3,4,4,4,4,4
8100,22,1,7,7,7,7,7,6,7,7,5
8169,45,1,6,6,7,6,6,4,6,6,4
8167,44,2,6,6,6,6,6,5,6,6,5
8168,23,1,7,7,7,6,4,4,6,5,4
8153,22,2,5,6,6,6,6,5,5,5,6
8152,25,1,6,6,6,6,6,6,6,6,6
8151,56,2,5,5,5,5,5,5,5,5,5
8155,21,2,6,6,7,5,6,5,6,5,3
8007,19,2,6,6,6,6,6,6,6,6,4
8048,54,1,5,7,6,5,6,4,5,5,4
8087,23,1,4,5,5,4,4,4,4,4,3
8014,21,2,5,6,6,5,5,5,6,5,5
8154,21,2,5,5,7,4,3,1,1,4,1
8165,41,2,6,6,7,3,3,3,6,6,6
8164,22,2,7,7,7,7,7,6,7,7,7
8156,42,2,6,6,6,6,6,4,6,6,4
8132,21,2,5,5,5,5,5,5,6,6,5
8147,23,1,6,6,6,6,6,5,4,6,4
8074,19,2,4,6,6,5,5,3,4,4,1
8052,26,2,3,4,5,5,3,3,4,3,4
8050,28,1,3,3,4,2,3,2,4,4,4
8049,25,1,5,6,6,5,6,5,6,5,3
8047,21,2,5,6,5,5,5,4,5,4,3
8015,24,2,7,4,7,7,4,6,6,6,6
8001,23,1,5,5,6,6,5,5,5,5,5
8163,23,2,7,7,7,6,7,7,7,7,7
8175,21,2,7,7,7,7,7,7,7,7,7
11001,24,2,4,4,4,4,4,4,4,4,4
11002,24,2,4,4,4,4,4,4,4,4,4
11003,23,2,5,5,5,4,5,4,4,4,4
11004,19,1,4,4,4,4,4,4,4,4,4
11005,23,2,6,6,7,5,6,4,6,6,6
11006,32,2,6,6,6,5,6,5,6,6,5
11007,23,2,5,5,5,4,5,4,4,5,4
11008,21,2,4,4,4,4,4,4,4,4,4
11009,23,2,6,6,6,4,4,4,4,4,4
11010,46,2,7,7,7,7,7,7,7,7,7
11011,20,1,4,4,4,4,4,4,4,4,4
11012,27,2,6,7,7,7,6,5,6,6,5
11013,21,2,6,6,6,5,5,4,5,5,4
11014,44,2,5,4,4,4,4,4,5,5,4
11015,51,2,5,5,5,5,5,5,5,5,5
11016,42,1,7,7,7,7,7,7,7,7,7
11017,48,2,5,5,5,5,5,5,5,5,5
11018,50,2,4,4,4,4,4,4,4,4,4
11019,24,2,6,6,6,6,6,4,6,5,4
11020,25,1,4,5,5,4,4,4,4,4,4
11021,44,2,3,6,7,7,7,7,6,5,5
11022,23,2,7,6,6,5,6,7,6,5,7
11023,22,2,5,5,5,5,5,5,5,5,5
11024,69,2,5,5,5,4,6,6,6,6,7
11025,26,1,7,5,5,,5,4,6,6,6
11026,25,2,7,7,7,7,7,7,5,6,7
11027,29,2,6,6,7,7,7,7,4,7,4
11028,25,2,6,5,6,5,5,4,5,5,5
11029,22,2,6,6,6,5,6,4,6,6,5
11030,49,2,7,7,7,7,7,7,7,7,6
11031,32,1,5,5,5,5,6,3,5,5,5
11032,23,1,7,7,7,7,7,5,7,7,7
11033,29,2,5,5,5,6,5,5,5,5,5
11034,39,1,7,6,7,5,5,5,6,6,6
11035,26,2,7,7,7,7,7,7,7,7,7
11036,18,2,7,7,7,7,7,4,7,7,4
11037,29,1,4,4,1,5,6,4,5,5,4
11038,29,2,6,6,6,6,6,5,6,6,6
11039,29,2,1,7,1,5,7,7,7,7,4
11040,25,1,7,6,7,5,5,5,5,5,6
11041,21,1,5,7,7,2,4,4,7,6,4
11042,42,2,3,2,4,3,3,3,3,2,3
11043,48,2,6,4,4,4,4,3,4,6,4
11044,45,2,6,6,7,2,1,1,4,4,4
11045,22,1,6,5,7,5,4,4,4,6,5
11046,24,1,7,7,7,5,4,4,6,6,6
11047,54,2,6,4,5,5,4,1,4,5,5
11048,48,2,6,6,6,6,5,4,6,5,5
11049,20,2,4,5,7,4,2,2,4,4,4
11050,20,2,7,7,7,4,5,1,5,5,4
11051,55,1,7,7,7,7,7,7,7,7,7
11052,55,2,7,7,7,7,7,6,5,7,7
11053,21,2,7,7,7,7,7,7,7,7,7
11054,21,2,7,7,7,7,7,7,6,7,7
11055,20,1,5,4,7,5,5,4,5,5,5
11056,20,1,6,6,6,1,4,1,4,5,4
11057,,1,6,6,6,6,6,5,5,5,4
11058,74,2,7,7,7,7,7,7,7,7,7
11059,50,1,6,6,6,6,6,5,6,6,6
11060,22,2,6,7,7,6,7,6,7,7,7
11081,18,2,7,7,7,7,7,7,6,6,6
11082,19,2,7,7,7,7,6,6,7,7,6
11083,18,2,4,4,7,5,4,5,5,4,5
11084,20,1,7,7,7,7,7,7,7,7,7
11085,21,1,4,4,4,4,4,4,4,4,4
11086,21,2,6,5,5,5,5,5,5,5,5
11087,18,1,7,7,7,5,5,3,6,6,4
11088,18,2,4,5,5,4,4,4,5,4,4
11089,29,2,2,5,2,1,2,1,2,2,2
11090,33,2,4,6,6,4,4,2,5,5,4
11091,26,1,1,1,1,1,1,1,1,1,1
11092,25,2,1,2,4,2,2,2,4,4,3
11093,18,2,6,6,7,5,5,4,4,6,4
11094,22,1,6,6,6,7,6,6,6,6,6
11095,22,2,5,6,7,4,3,3,7,5,2
11096,24,2,5,5,5,4,4,3,5,4,1
11097,20,2,4,4,4,4,3,3,4,4,4
11098,19,2,5,4,4,4,5,2,4,3,1
11099,60,1,5,5,5,5,5,5,7,7,2
11100,44,2,7,7,7,7,7,6,7,7,6
11141,23,1,7,7,7,7,7,7,7,7,3
11142,22,1,5,5,7,5,5,5,5,6,5
11143,23,1,4,6,4,4,4,4,4,4,4
11144,22,2,5,4,6,4,5,5,5,4,1
11145,51,1,4,3,5,3,2,2,5,6,4
11146,51,2,6,7,7,6,5,5,7,7,4
11147,24,2,6,5,7,6,5,4,5,5,5
11148,53,2,7,7,7,7,7,3,7,7,2
11149,56,2,7,7,7,7,7,4,7,7,7
11151,50,2,6,6,6,6,6,6,7,7,4
11153,19,2,7,7,7,7,7,7,7,7,4
11154,18,2,7,7,7,7,7,7,7,6,4
11155,22,1,6,4,7,6,4,3,6,5,4
11156,20,2,5,3,5,4,3,2,5,4,3
11157,19,1,1,4,7,6,2,2,6,5,4
11158,19,1,7,5,7,7,4,2,7,7,5
11159,52,1,7,7,7,7,7,7,7,7,4
11160,47,2,4,4,4,4,4,4,5,5,5
11181,50,2,5,5,5,5,5,5,5,5,5
11182,34,2,6,7,7,5,5,4,5,5,5
11183,33,2,7,7,7,7,7,7,7,7,7
11184,22,1,7,7,7,7,7,6,7,7,7
11185,48,2,6,5,7,7,7,5,6,5,5
11186,62,2,,,,,,,,,
11187,51,2,7,7,7,7,7,7,7,7,7
11188,72,1,7,7,7,7,7,7,7,7,7
11189,34,2,7,7,7,7,7,7,6,7,4
11190,32,2,7,7,7,7,7,7,6,7,6
11191,23,1,4,5,5,4,5,3,4,3,2
11192,33,1,5,5,5,5,5,5,5,5,5
11193,78,2,6,6,6,6,6,6,6,6,6
11194,27,2,7,7,7,6,7,6,7,7,6
11195,59,1,6,6,6,6,6,6,6,6,6
11196,51,2,7,7,7,7,3,7,7,7,5
11197,57,1,7,7,7,7,7,7,7,7,7
11198,21,2,4,4,3,4,4,3,4,4,4
11199,21,2,6,6,6,6,5,5,5,5,4
11200,26,2,6,5,7,5,5,3,7,6,4
11221,,,5,3,4,2,2,1,2,2,3
11222,73,1,4,5,4,4,5,3,4,4,3
11223,21,2,6,6,5,5,6,5,6,6,5
11224,21,1,5,4,6,5,5,5,5,5,4
11225,21,1,7,7,7,7,7,7,7,7,7
11226,22,1,5,5,6,5,4,4,5,5,4
11227,36,2,5,3,4,3,3,1,3,3,3
11228,20,1,6,6,6,4,4,3,4,4,4
11229,60,2,4,5,4,4,4,3,4,5,4
11230,46,1,5,4,4,3,4,3,3,2,3
11231,23,2,6,5,6,6,5,4,5,6,4
11232,23,1,6,5,6,5,5,4,5,6,4
11233,20,2,4,4,5,5,5,5,5,5,4
11234,21,1,6,5,6,4,5,2,5,4,4
11235,63,2,7,6,7,7,7,6,7,7,7
11236,34,2,6,7,7,6,5,5,7,6,5
11237,36,2,5,6,7,5,5,5,6,6,5
11238,21,1,4,3,4,4,4,5,4,5,4
11239,21,1,5,3,4,3,3,2,3,4,3
11240,50,2,7,6,7,7,7,7,7,7,7
11241,34,1,1,2,5,1,2,1,5,2,2
11242,20,1,2,4,4,1,2,1,6,4,1
11243,19,1,6,6,6,4,6,3,6,4,1
11244,52,2,7,7,7,7,7,7,7,7,7
11245,21,1,3,2,5,4,4,5,5,5,2
11246,19,2,6,4,7,7,7,7,5,5,5
11247,23,1,6,6,6,5,6,4,6,6,4
11248,48,1,7,7,7,7,7,4,7,7,4
11249,53,2,6,6,6,6,5,3,3,4,4
11250,25,1,5,3,7,7,6,4,6,6,6
11251,23,1,7,6,7,6,6,6,5,7,7
11252,24,2,7,7,7,6,6,7,7,6,6
11253,43,2,5,7,6,4,5,4,7,6,6
11254,43,1,5,5,7,5,4,3,7,6,5
11255,19,2,4,6,6,6,3,3,4,5,4
11256,30,2,7,7,7,7,7,7,7,7,6
11257,33,2,7,7,7,7,7,7,7,7,7
11258,62,2,7,7,7,7,7,7,7,7,4
11259,68,1,7,7,7,7,7,7,5,7,7
11260,23,2,7,7,7,6,7,4,7,7,5
11261,21,2,6,6,6,4,4,4,4,4,4
11262,64,2,6,6,6,4,6,4,4,6,4
11263,,2,5,5,5,2,5,2,3,4,3
11264,24,1,6,7,7,6,6,6,5,7,7
11265,30,1,6,6,6,5,5,5,6,5,5
11266,31,1,7,7,7,6,5,5,5,5,5
11267,28,2,7,7,7,7,7,7,7,7,7
11268,33,2,6,6,6,3,5,2,6,5,5
11269,57,1,7,6,7,5,6,4,6,6,6
11270,46,2,3,4,3,4,4,3,3,4,4
11271,21,2,5,5,6,2,5,4,4,4,1
11272,26,1,7,7,7,5,6,5,5,6,6
11273,57,2,6,6,6,1,5,1,4,5,2
11274,18,2,6,6,6,3,5,4,5,5,5
11275,18,2,6,7,7,6,4,3,7,6,5
11276,18,2,6,6,6,6,6,5,4,6,4
11277,22,2,7,7,7,7,7,5,5,7,7
11278,21,2,6,5,7,5,5,4,5,6,4
11279,18,2,7,7,7,7,7,7,6,6,7
11280,21,2,6,6,7,4,5,4,4,5,4
11281,22,2,6,5,7,4,3,1,4,4,4
11282,32,1,7,7,7,6,6,5,6,7,7
11283,30,2,7,7,7,6,6,4,7,7,6
11284,34,2,6,5,6,5,3,3,6,6,3
11285,31,1,6,7,7,7,7,5,7,7,7
11286,33,1,7,7,6,6,6,5,3,7,7
11287,77,2,7,7,7,7,7,7,4,7,7
11288,32,2,7,7,7,7,7,6,1,1,1
11289,20,2,5,7,6,4,5,4,6,5,4
11290,26,1,6,6,7,6,6,6,6,6,4
11291,56,1,5,7,7,4,7,4,6,5,5
11292,57,2,7,7,7,7,6,5,5,7,7
11293,55,2,7,6,7,7,6,6,4,6,6
11294,43,2,4,4,4,4,4,4,4,4,4
11295,48,1,7,7,7,7,7,7,5,5,5
11296,68,2,7,7,7,7,7,7,7,7,7
11297,63,1,7,7,7,7,7,7,7,7,7
11298,72,1,7,7,4,5,4,4,5,7,4
11299,23,1,5,4,7,5,5,5,4,5,5
11300,55,1,7,7,7,7,7,5,6,7,7
11302,20,2,5,4,7,4,4,4,5,6,5
11303,38,2,5,7,7,4,4,5,1,3,1
11304,64,1,5,5,5,5,5,5,5,5,4
11305,20,1,6,6,7,7,4,4,6,6,4
11307,20,2,5,5,6,5,6,4,4,5,4
11308,20,2,6,6,6,5,5,5,5,5,5
11309,41,2,7,5,6,6,5,5,6,6,4
11310,51,1,6,5,6,6,6,5,4,5,5
11311,64,2,6,6,6,6,6,6,6,6,6
11312,20,2,6,6,7,7,5,6,6,6,4
11313,44,1,7,5,7,7,6,5,7,6,7
11314,22,2,6,6,6,5,4,5,4,4,3
11315,41,1,6,5,7,6,5,4,6,5,4
11316,18,1,6,5,7,5,4,4,5,5,4
11317,23,2,6,6,7,6,7,6,6,6,5
11319,20,1,5,5,7,5,5,6,5,5,5
11320,22,1,6,6,6,6,6,6,6,5,6
11321,56,1,7,7,7,7,7,7,7,7,7
11322,21,1,4,4,5,5,4,1,5,5,5
11323,21,2,5,5,5,5,5,5,5,5,5
11324,61,2,7,7,7,7,7,5,5,5,5
11325,81,2,7,7,7,7,7,7,7,7,7
11326,18,2,1,4,4,1,4,1,4,1,1
11327,20,1,7,7,7,7,7,7,7,7,4
11328,19,1,7,7,7,7,7,7,7,7,7
11329,19,1,6,6,7,5,6,5,6,6,6
11330,19,1,7,7,7,6,7,6,7,7,7
11331,29,1,1,1,1,1,1,1,4,4,4
11332,24,1,1,3,1,2,4,1,2,1,1
11333,37,1,6,6,6,6,6,5,6,6,5
11334,39,1,6,7,7,5,5,5,7,5,3
11335,18,1,6,4,7,4,4,4,5,5,4
11336,22,2,4,4,4,4,4,4,5,5,5
11337,20,1,5,5,5,5,5,5,5,5,3
11338,19,1,4,6,6,4,4,4,4,4,4
11339,19,1,5,4,5,5,5,4,5,5,4
11340,18,2,5,5,5,5,4,5,6,5,4
11341,40,2,1,2,7,1,2,1,1,1,1
11342,32,2,5,6,6,6,6,6,6,6,6
11343,55,2,7,7,7,7,4,7,7,6,6
11344,55,2,6,7,6,3,5,5,5,5,4
11345,49,1,7,7,7,7,7,7,7,7,7
11346,43,2,7,7,7,7,7,6,7,7,7
11347,53,2,7,7,7,7,6,6,6,6,6
11348,34,2,6,7,7,6,7,5,6,6,5
11349,,1,7,7,7,7,7,7,7,7,7
11350,33,2,5,7,7,6,7,5,7,7,5
11351,30,2,7,7,7,7,7,6,7,7,7
11352,63,2,7,7,7,7,7,7,7,7,7
11353,77,1,7,7,7,7,7,7,7,7,7
11354,42,1,4,4,7,4,4,4,1,4,4
11355,20,1,5,5,5,5,5,5,5,5,5
11356,21,2,5,5,5,5,5,5,5,5,5
11357,21,1,4,4,4,4,4,4,2,2,2
11358,56,1,7,7,7,7,7,7,7,7,7
11359,61,2,7,7,7,7,7,6,4,5,5
11360,18,2,1,1,4,1,4,1,4,1,1
11361,18,1,4,2,7,1,1,2,1,2,1
11362,23,1,4,7,6,3,4,1,2,3,4
11363,24,2,4,4,4,3,3,3,4,4,3
11364,29,2,7,7,7,7,7,5,7,7,7
11365,29,1,7,7,7,5,5,4,6,6,7
11366,53,2,7,7,7,5,5,5,6,6,7
11367,42,1,7,7,7,7,5,5,7,7,7
11368,34,2,6,6,6,5,6,5,5,5,4
11369,26,1,7,,7,7,7,1,4,4,1
11370,23,1,3,2,4,1,3,1,1,1,1
11371,20,2,1,1,3,4,1,1,5,4,5
11372,21,2,5,5,6,5,5,4,4,5,4
11373,48,1,5,6,6,5,5,5,5,4,4
11374,33,2,5,6,5,5,4,3,5,5,4
11375,48,2,7,7,7,7,7,7,7,7,7
11376,46,2,7,7,7,7,6,5,7,7,6
11377,19,2,7,6,7,5,5,3,7,7,7
11378,61,2,3,4,5,4,1,4,4,4,4
11379,49,2,6,6,6,5,4,3,6,5,4
11380,19,1,1,3,1,1,1,3,2,1,1
11381,33,1,6,6,7,5,5,3,6,5,3
11382,38,2,7,7,7,7,7,7,7,7,7
11383,43,2,4,7,7,7,7,4,7,5,4
11384,33,2,7,7,7,6,5,5,5,6,3
11385,41,2,6,6,7,5,6,5,6,7,5
11386,55,2,7,7,7,7,7,2,7,7,7
11387,56,1,7,7,7,6,7,7,6,6,6
11388,36,2,7,7,7,7,7,7,7,7,7
11389,41,2,3,3,4,4,4,2,6,3,2
11390,40,2,7,7,7,7,7,7,7,7,7
11391,44,2,7,7,7,7,7,7,6,7,7
11392,37,2,7,7,7,7,7,7,7,7,7
11393,59,2,7,7,7,7,7,7,7,7,7
11394,50,1,7,7,7,7,7,1,7,7,7
11395,54,2,7,7,7,7,7,6,7,7,7
11396,71,2,7,7,7,7,7,7,7,7,7
11397,25,1,6,6,6,5,6,5,6,6,6
11398,23,2,6,5,6,6,6,5,6,6,6
11399,40,2,7,7,7,7,7,7,7,7,7
11400,20,2,6,6,5,6,6,6,6,6,4
11079,49,2,6,6,7,6,6,5,5,6,5
11078,49,1,6,5,6,5,5,5,6,6,6
11076,34,1,7,7,7,7,5,6,7,7,6
11077,21,2,5,5,6,5,5,4,6,6,5
11075,22,1,4,4,3,3,2,1,4,3,1
12001,,1,7,7,7,7,7,6,7,7,7
12002,60,1,6,7,7,6,6,5,,,
12003,57,0,6,7,7,5,5,5,7,6,7
12004,44,1,6,6,6,6,6,6,6,6,
12005,35,0,7,7,7,5,5,6,7,7,7
12006,29,1,7,7,7,7,7,7,6,7,7
12007,42,0,7,7,7,7,6,6,7,7,6
12008,28,0,5,6,6,6,5,1,6,6,5
12009,35,0,7,4,7,4,4,1,7,6,7
12010,54,1,7,7,7,7,7,7,7,7,7
12011,35,1,7,7,7,7,3,1,2,5,5
12012,33,0,7,7,7,7,7,7,6,7,7
12013,32,1,6,6,6,6,6,4,6,6,2
12014,24,0,7,7,7,6,7,6,7,7,7
12015,18,1,7,7,7,6,6,6,7,7,6
12016,30,1,6,5,4,5,6,6,6,7,7
12017,31,1,7,7,7,7,5,5,6,7,6
12018,29,1,5,7,7,5,6,4,5,7,7
12019,29,0,6,6,7,7,7,7,7,7,1
12020,44,0,7,7,7,7,7,7,7,7,7
12021,21,1,7,6,7,6,7,5,6,6,6
12022,21,1,7,7,7,7,7,7,7,7,7
12023,23,1,7,7,7,7,7,6,5,6,4
12024,21,1,6,7,7,5,6,4,7,6,5
12025,22,1,4,4,4,4,3,4,2,3,2
12026,22,1,7,7,7,7,7,7,7,7,7
12027,18,0,7,7,7,7,4,4,4,7,7
12028,22,0,6,4,7,2,3,4,5,5,5
12029,20,1,7,7,7,7,7,7,2,7,7
12030,18,0,6,7,7,7,6,4,4,6,4
12031,18,0,3,3,1,3,3,1,3,2,1
12032,20,1,5,7,3,2,6,1,6,5,3
12033,20,3,3,4,6,3,3,5,5,3,3
12034,34,1,5,7,5,5,5,3,6,5,4
12035,28,1,7,6,6,6,6,6,6,6,5
12036,18,1,4,7,3,1,1,1,4,4,1
12037,18,1,6,5,7,4,5,4,5,5,6
12038,18,1,5,5,6,6,5,4,5,6,6
12039,18,1,5,4,6,5,4,4,6,5,6
12040,18,1,6,4,4,2,4,4,4,3,2
12041,25,0,4,2,5,2,5,4,3,4,4
12042,25,1,5,4,5,5,5,3,5,4,4
12043,19,1,7,7,7,7,7,7,7,7,7
12044,18,2,6,6,7,7,5,6,6,7,7
12045,18,1,5,4,6,5,3,3,5,3,3
12047,25,1,7,7,7,6,6,5,6,7,7
12048,50,1,2,6,6,6,6,6,5,6,6
12046,55,1,6,7,7,6,6,6,,,
12049,43,1,6,6,7,6,7,5,5,6,7
12050,57,1,6,6,6,5,5,5,5,5,5
12051,32,1,7,7,7,7,5,5,,,
12052,66,1,7,7,7,7,7,7,7,7,7
12053,,,5,3,7,4,2,2,7,3,5
12054,53,0,7,7,7,7,7,7,7,7,7
12055,20,1,6,7,7,7,7,7,7,7,7
12056,55,1,7,7,7,7,7,7,7,7,7
12057,25,0,4,6,4,5,5,5,5,5,3
12058,20,1,1,3,4,4,1,1,4,1,1
12059,22,0,7,7,7,7,7,6,7,7,7
12060,60,1,7,7,7,7,6,7,6,7,7
12061,48,1,5,6,7,6,6,4,5,5,6
12062,47,1,7,7,7,7,7,6,7,7,6
12063,45,0,7,7,7,7,6,6,6,6,6
12064,35,1,7,7,7,7,6,4,6,6,1
12065,38,0,7,6,7,5,5,4,5,6,6
12066,30,1,7,7,7,5,7,1,7,7,7
12067,54,1,,7,7,7,7,6,7,7,7
12068,52,0,7,7,7,7,7,7,7,7,7
12069,21,1,3,3,3,3,3,3,4,4,4
12070,22,1,5,5,5,5,5,5,5,6,6
12071,25,1,4,4,4,4,2,4,3,4,4
12072,23,1,6,5,6,6,6,5,6,6,6
12073,24,0,5,4,3,3,3,3,3,4,3
12074,23,0,7,7,7,7,7,5,7,7,7
12075,24,0,5,5,5,5,5,6,6,7,4
12076,28,0,7,7,7,7,7,7,7,7,7
12077,23,1,4,5,5,4,4,4,4,4,3
12078,21,1,6,6,6,6,6,6,5,5,6
12079,22,1,7,4,3,2,4,4,5,4,2
12080,23,0,5,5,6,6,5,5,5,5,4
12081,62,1,4,7,7,7,7,4,6,4,4
12082,47,1,7,7,7,7,7,5,4,7,2
12083,26,1,6,6,6,6,6,6,6,6,4
12084,58,1,7,7,7,7,7,7,7,7,7
12085,44,0,3,3,3,3,3,3,4,4,4
12086,35,0,5,5,5,5,5,5,5,4,4
12087,62,0,7,7,7,7,7,7,7,7,7
12088,51,0,7,6,7,7,6,6,6,7,6
12089,35,0,7,7,7,7,7,1,7,7,7
12090,27,1,6,6,6,5,4,4,6,6,6
12091,26,1,7,7,7,5,7,4,6,6,7
12092,22,1,6,7,6,4,6,6,6,6,6
12093,28,1,7,7,7,7,7,7,4,4,4
12094,19,1,6,6,7,6,6,5,5,5,4
12095,20,1,5,6,7,4,3,3,6,5,4
12096,22,1,7,7,7,7,4,4,7,7,7
12097,20,0,4,4,7,4,4,4,5,4,4
12098,19,1,6,7,7,6,5,4,6,5,5
12099,29,1,5,6,6,4,6,4,,,
12100,19,0,7,7,7,7,6,6,5,7,6
12101,19,0,6,5,7,7,6,3,7,7,5
12102,22,1,4,4,5,4,4,4,4,4,4
12103,19,1,7,7,6,6,6,3,2,7,2
12104,19,1,2,3,4,5,4,3,5,4,4
12105,19,1,4,4,4,3,3,3,7,4,3
12106,20,1,7,7,7,6,6,6,7,7,7
12107,19,1,6,6,7,6,7,6,4,6,6
12108,19,1,5,5,7,5,1,2,6,2,2
12109,19,1,7,7,7,7,7,7,7,7,4
12110,19,1,2,3,1,5,7,2,7,3,4
12111,20,1,5,4,5,4,6,4,3,5,3
12112,20,0,7,7,7,7,7,4,7,7,6
12113,19,1,6,4,5,2,1,1,7,4,4
12114,20,1,7,7,7,7,6,5,7,7,4
12115,19,1,7,7,7,7,6,6,6,7,4
12116,19,1,6,7,7,6,6,7,6,6,4
12118,19,1,7,7,7,6,6,6,7,7,6
12119,19,1,6,6,6,6,6,6,5,6,4
12120,19,1,6,5,6,6,5,5,4,5,6
12121,23,1,7,7,7,7,6,7,7,7,6
12122,24,1,6,7,7,7,7,6,7,7,6
12123,,1,6,6,6,6,6,5,5,6,4
12124,31,0,6,6,6,6,6,5,5,6,4
12125,18,1,5,7,6,5,6,5,6,6,5
12126,42,0,7,7,7,7,7,6,5,6,6
12127,19,0,7,6,7,6,6,6,6,6,4
12128,19,0,6,6,6,5,4,4,4,4,4
12129,19,1,6,6,6,4,4,4,4,5,4
12130,25,0,7,6,7,7,6,6,6,6,6
12131,22,1,5,4,7,7,4,2,5,6,1
12132,19,1,4,5,5,5,5,5,5,5,5
12133,37,1,5,5,7,5,5,4,5,5,4
12134,27,1,5,5,5,5,5,5,5,5,5
12135,45,1,6,6,7,7,6,6,6,6,6
12136,19,1,7,7,7,7,7,4,6,7,4
12137,19,1,5,5,6,3,3,2,6,4,4
12138,19,1,7,7,7,7,6,6,6,7,7
12139,19,1,7,7,7,7,6,4,7,7,5
12140,18,0,6,7,7,6,6,6,5,6,5
12141,18,0,5,6,7,6,5,5,5,6,6
12142,53,0,4,6,6,4,4,5,5,5,4
12143,27,1,6,7,7,6,6,5,6,7,7
12144,23,1,5,6,7,5,4,4,5,5,4
12145,43,1,7,7,7,7,7,7,7,7,7
12146,21,1,2,3,3,3,4,4,5,4,2
12147,45,1,7,7,7,6,6,6,7,7,7
12148,21,1,6,5,6,5,4,2,5,6,4
12149,48,1,7,7,7,6,7,7,6,7,6
12150,18,1,7,7,7,7,6,5,6,6,6
12151,43,0,7,7,7,7,7,7,7,7,7
12152,27,1,5,5,5,5,5,5,6,6,6
12153,50,0,7,7,7,7,7,6,7,7,5
12154,26,1,4,6,6,5,5,5,5,5,5
12155,28,0,6,6,7,6,6,5,6,6,3
12156,47,1,2,7,5,5,3,1,5,2,1
12157,58,0,5,7,5,5,5,5,6,5,6
12158,31,1,7,6,7,5,5,5,6,7,7
12159,58,0,7,7,7,6,6,6,6,7,7
12160,53,1,4,6,6,5,5,5,5,5,5
12161,54,1,7,7,7,7,7,7,7,7,7
12162,21,1,3,3,3,4,1,3,1,3,3
12163,21,1,5,6,6,5,5,5,7,7,7
12165,70,1,6,6,6,7,6,3,7,7,6
12166,49,1,7,7,7,7,7,6,7,7,7
12167,64,1,7,7,7,7,7,6,7,7,4
12168,43,1,5,6,6,6,6,6,6,6,6
12169,53,0,5,6,6,5,5,2,5,5,2
12170,53,1,7,7,7,7,6,4,6,6,6
12171,43,0,7,7,7,7,7,6,7,7,7
12172,26,0,7,5,7,5,5,4,5,4,2
12173,72,1,7,7,7,7,7,7,7,7,7
12174,3,0,6,6,6,6,5,5,5,5,4
12175,48,1,6,7,7,7,7,6,7,6,6
12176,83,1,7,7,7,7,6,6,7,7,6
12177,49,1,7,7,7,7,6,6,7,7,7
12178,66,0,6,6,7,7,7,6,6,7,7
12179,34,1,6,6,7,7,6,5,6,6,5
12180,46,1,7,7,7,7,7,7,7,7,7
12181,30,1,7,7,7,7,7,7,7,7,7
12182,35,1,7,7,6,7,7,7,7,6,7
12183,18,0,6,6,6,6,6,6,6,5,7
12184,18,0,6,7,5,7,6,7,6,7,6
12185,18,0,6,7,7,6,7,7,6,6,7
12186,18,0,6,7,7,7,7,7,6,6,7
12187,18,0,7,7,7,7,7,7,5,5,7
12188,18,0,7,6,7,6,7,7,6,6,7
12189,18,0,7,7,7,6,7,7,7,5,7
12190,18,0,7,6,7,7,6,7,5,5,7
12191,18,0,7,6,6,7,6,6,6,7,7
12192,18,0,7,7,7,6,6,6,6,7,7
12193,18,0,6,7,6,5,5,6,6,7,7
12194,18,0,7,6,7,6,6,7,7,7,7
12195,18,0,7,7,7,5,6,5,6,7,7
12196,18,0,6,7,7,7,7,7,6,7,7
12197,19,1,,7,6,6,7,7,,,
12198,18,0,7,7,7,5,7,7,5,6,6
12199,18,0,7,7,6,5,6,5,5,6,7
12200,18,0,7,7,7,6,7,7,6,6,6
12201,19,0,7,7,6,6,6,5,5,5,7
12202,18,0,7,7,6,,7,7,6,6,7
12203,18,0,7,7,5,6,6,5,7,5,6
12204,18,0,7,7,7,7,7,7,7,6,7
12205,18,0,6,,5,6,6,6,7,7,7
12206,18,0,7,7,6,7,7,7,6,,7
12207,23,1,4,5,5,4,3,2,5,5,4
12208,49,1,7,7,7,7,7,6,7,7,6
12209,22,0,7,7,7,7,5,2,7,7,4
12210,21,1,5,5,4,4,4,2,5,5,5
12211,69,0,7,6,7,6,6,6,7,7,6
12212,48,1,6,4,6,2,6,5,4,4,4
12214,23,1,7,7,7,7,7,4,5,5,4
12215,22,0,4,4,4,4,4,4,4,4,4
12216,26,1,3,4,4,3,2,3,3,2,1
12217,28,0,2,2,7,5,1,5,,,
12218,66,1,4,4,4,4,4,4,4,4,4
12219,42,1,,,,,,,,,
12221,35,1,6,6,7,6,5,5,5,6,5
12222,33,1,1,2,2,2,3,2,2,2,3
12223,32,1,6,6,6,6,6,6,4,4,4
12224,45,1,5,5,5,5,5,5,4,4,4
12225,32,1,7,7,7,4,7,4,7,7,7
12226,28,1,5,5,5,6,5,1,4,5,4
12227,28,1,5,6,5,5,4,4,6,5,3
12229,18,0,7,7,7,7,7,7,7,7,7
12230,48,0,5,5,5,5,5,5,3,4,3
12231,18,0,4,4,4,4,4,4,4,4,4
12232,19,1,7,7,7,6,7,6,7,7,6
12233,18,0,6,7,6,6,6,6,6,6,6
12234,20,1,5,6,6,6,5,5,5,5,5
12235,25,1,5,5,5,5,5,4,6,5,4
12236,19,1,7,7,7,7,7,7,7,5,5
12237,22,1,6,5,7,6,6,6,5,6,4
12238,18,0,7,7,7,7,7,7,7,7,7
12239,66,0,5,6,6,5,5,5,5,5,4
12240,36,0,6,6,7,5,5,6,6,6,6
12241,40,1,3,5,4,4,4,1,4,5,3
12242,36,1,3,4,6,4,4,3,4,4,4
12243,52,1,6,7,7,6,6,6,6,7,7
12244,28,1,5,5,6,6,6,4,5,6,4
12245,30,1,6,6,6,6,5,6,6,6,4
12246,20,0,7,7,7,7,7,6,6,6,6
12247,20,0,7,7,7,7,7,7,7,7,7
12248,18,0,4,4,4,4,4,4,4,4,4
12249,19,0,7,7,7,7,7,7,7,7,7
12250,45,1,2,3,3,2,1,1,2,2,1
12251,29,1,3,5,5,5,5,3,6,3,4
12252,18,0,7,7,7,7,5,5,5,7,5
12253,18,0,6,7,7,7,6,4,6,6,4
12254,18,0,7,7,7,7,7,7,7,7,7
12255,18,0,7,7,7,7,7,5,7,7,7
12256,18,0,6,6,5,5,6,4,5,5,5
12257,18,0,7,7,7,7,7,5,7,7,7
12258,19,0,7,7,7,7,7,4,,,
12259,19,0,7,7,7,7,7,7,7,7,7
12260,31,0,7,7,7,6,7,6,7,7,7
12261,35,1,6,6,6,6,6,5,6,5,4
12262,52,1,6,7,7,6,6,6,6,7,7
12263,18,0,7,7,7,7,5,5,5,7,5
12264,19,1,6,6,7,5,4,4,5,3,4
12265,19,1,5,6,7,4,5,5,5,5,2
12266,49,1,6,6,7,6,6,5,5,5,4
12267,30,1,7,7,7,7,7,7,7,7,7
12268,25,0,7,6,6,7,6,7,6,7,7
12400,1,1,7,4,7,2,1,1,4,7,7
12401,1,1,7,7,7,7,7,4,7,7,4
12402,0,1,6,6,7,7,5,5,6,5,5
12403,1,1,6,7,7,7,7,4,4,5,5
12404,1,0,4,3,4,3,3,4,5,4,3
12405,1,0,4,4,4,2,3,2,4,4,2
12406,1,1,7,7,7,2,4,3,7,5,4
12407,1,1,6,7,7,7,4,4,7,4,4
12408,1,0,4,3,3,2,2,1,3,2,1
12409,1,1,2,6,7,4,4,3,2,4,1
12410,1,0,5,5,5,4,4,3,4,4,4
12411,1,1,7,7,7,7,7,7,7,7,7
12412,0,0,7,7,7,5,7,6,6,7,5
12413,1,0,6,6,7,6,6,5,6,6,7
12414,1,1,7,7,7,7,7,7,7,7,7
12415,0,1,4,7,6,4,4,4,5,4,1
12416,0,1,5,6,7,5,5,3,5,4,5
12417,1,0,6,7,7,6,6,6,7,6,6
12418,1,0,7,7,7,6,6,6,6,6,6
12419,1,1,5,7,7,5,5,5,7,5,5
12420,0,1,5,6,7,5,6,5,6,6,4
12421,1,1,6,7,7,7,6,6,7,7,6
12422,1,1,7,7,7,,6,6,6,6,3
12423,1,0,6,5,7,5,5,5,5,5,5
12424,1,1,6,5,5,6,6,4,5,5,3
12425,1,1,7,6,5,6,7,5,3,6,5
12426,1,1,7,7,7,7,5,5,7,7,5
12427,1,1,7,7,7,5,5,5,5,6,5
12428,1,0,5,5,6,6,6,7,6,6,6
12429,1,1,7,7,7,6,6,5,6,5,4
12430,1,1,5,7,7,4,4,1,7,5,1
12431,1,1,5,6,4,4,4,2,3,4,3
12432,0,0,7,7,7,7,7,4,7,7,7
12433,1,0,6,6,6,6,6,6,6,6,6
12434,1,1,4,4,6,5,4,4,5,5,2
12435,1,0,5,7,7,6,6,5,6,5,4
12436,1,1,4,7,7,4,4,1,7,4,7
12437,0,1,6,7,7,7,7,6,7,7,2
12438,1,1,7,7,7,7,5,4,5,7,6
12439,1,0,6,6,7,6,5,6,7,6,4
12440,0,1,4,4,7,7,7,4,4,4,4
12441,1,1,6,7,7,5,5,4,7,6,4
12442,1,1,5,6,7,5,5,4,5,5,4
12443,0,0,2,2,2,1,3,1,2,1,1
12444,0,1,2,5,1,2,3,4,4,1,2
12445,0,1,5,5,5,5,5,4,4,4,3
12446,1,0,4,4,4,4,4,4,4,4,4
12447,1,1,4,7,7,4,4,7,7,4,4
12448,0,0,5,4,2,5,5,5,4,6,6
12449,0,1,5,4,7,5,5,4,4,6,4
12450,1,0,7,7,7,7,5,5,7,7,7
12451,1,1,7,6,7,6,6,5,5,6,5
12452,0,1,5,5,7,5,6,4,4,5,2
12453,1,0,6,6,7,4,4,4,4,4,4
12454,1,1,5,5,7,4,4,4,7,5,5
12455,1,1,6,5,5,4,6,3,6,4,5
12456,1,0,7,6,7,5,5,3,5,6,3
12457,1,1,4,5,7,5,5,1,5,5,1
12458,1,1,7,7,7,6,6,5,6,6,5
12459,1,0,5,5,5,5,5,4,5,5,4
12460,1,1,7,7,7,7,7,5,6,6,7
12461,1,1,6,5,7,5,5,5,7,5,5
12462,1,1,4,6,6,5,5,4,6,5,6
12463,1,1,5,5,7,4,4,3,3,6,3
12464,0,1,7,7,7,7,7,7,4,7,7
12465,1,1,7,7,7,7,7,7,7,7,7
12466,1,0,6,6,5,4,4,5,5,5,2
12467,1,1,7,7,7,7,7,1,7,7,4
12468,1,1,5,7,7,6,7,7,7,7,5
12469,0,1,7,6,7,7,7,7,7,6,4
12470,1,1,7,7,7,7,5,5,5,4,5
12471,1,1,7,7,7,6,6,5,7,7,7
12472,0,1,2,2,2,4,2,2,2,2,1
12473,1,1,7,5,7,7,5,5,5,7,6
12474,1,0,7,7,7,6,7,5,7,7,7
12475,1,0,5,6,7,5,4,5,5,5,4
12476,0,1,5,6,7,5,5,5,7,6,5
12477,0,1,4,5,4,4,,3,5,4,3
12478,1,0,4,5,5,4,5,3,6,4,4
12479,1,0,6,7,7,5,5,4,6,6,6
12480,1,0,5,6,7,6,4,5,6,5,4
12481,1,1,5,5,6,4,5,5,5,5,5
12482,1,1,5,6,5,4,5,3,6,5,6
12483,1,1,5,6,6,6,5,5,7,6,4
12484,1,1,6,5,7,5,6,6,7,7,1
12485,0,0,5,6,7,6,6,5,7,6,5
12486,0,1,6,6,6,6,6,5,6,6,2
12487,1,1,3,6,4,2,3,1,4,3,1
12488,1,1,7,7,7,7,7,6,7,7,7
12489,1,1,6,6,6,6,6,5,6,6,5
12490,1,1,5,5,7,5,5,3,7,5,6
12491,0,1,4,7,7,5,5,2,4,5,3
12492,1,0,1,4,2,3,3,3,4,3,3
12493,0,1,6,6,7,7,4,2,6,6,7
12494,1,1,6,6,6,4,5,3,4,4,3
12495,1,1,5,7,7,5,7,5,7,7,5
12496,0,1,7,7,1,7,7,1,7,6,7
12497,1,0,7,7,7,7,5,4,6,6,7
12498,0,1,7,6,7,7,5,5,5,6,6
12499,0,0,6,6,6,6,6,6,6,6,6
12500,0,1,6,5,7,5,5,4,5,7,6
12501,0,1,7,6,7,7,7,7,7,7,7
12502,0,0,7,7,7,7,7,7,7,7,4
12503,0,1,7,7,7,7,7,7,7,7,7
12504,1,1,4,6,7,4,3,2,6,4,1
12505,1,1,4,5,7,5,4,4,5,5,3
12506,1,1,6,7,7,7,6,5,6,7,4
12507,1,0,7,7,7,7,7,7,7,7,7
12508,0,1,6,7,7,5,4,5,5,5,4
12509,1,0,3,4,3,3,4,3,3,4,3
12510,1,0,3,5,5,4,4,4,4,4,4
12511,1,0,4,4,4,4,4,4,4,4,4
12512,0,0,3,3,3,3,3,3,3,3,3
12513,0,0,4,6,6,5,4,4,4,,4
13005,19,1,4,4,4,4,4,4,6,4,3
13006,21,0,6,6,6,6,6,6,5,6,4
13007,21,0,6,7,7,5,6,4,5,5,6
13008,23,0,6,3,6,4,2,4,6,5,6
13009,23,0,6,6,6,5,5,3,6,6,6
13010,21,0,7,7,7,7,7,7,7,7,7
13011,21,0,3,3,4,2,1,1,4,2,2
13012,21,0,7,7,7,7,7,5,7,7,7
13013,19,0,3,2,1,1,1,1,4,7,7
13014,19,0,4,4,4,1,4,1,4,1,1
13015,19,1,5,6,5,5,5,5,6,6,5
13016,20,0,5,7,6,5,4,4,5,5,5
13017,19,1,5,5,5,5,5,5,6,6,6
13018,18,1,4,5,5,6,6,5,6,5,4
13019,18,0,6,6,6,5,6,5,6,6,4
13020,18,0,4,4,4,4,4,4,5,3,4
13022,21,1,7,7,7,7,7,7,7,7,7
13023,20,0,5,6,6,4,6,4,6,7,5
13024,20,1,7,7,7,7,7,7,7,7,7
13025,40,1,6,6,6,6,5,5,6,6,6
13026,29,0,6,6,6,6,6,6,5,6,6
13027,47,0,5,5,5,5,5,5,5,5,5
13028,42,0,1,1,1,1,1,1,1,1,1
13029,33,1,7,7,7,7,7,7,7,7,7
13030,,0,7,7,7,7,7,7,7,7,7
13031,45,0,7,7,7,7,7,7,7,7,7
13032,28,1,6,7,7,6,6,5,6,6,6
13033,58,0,7,7,7,7,7,,7,7,7
13034,47,0,6,7,7,7,6,6,5,6,7
13035,18,0,4,6,6,6,3,1,4,5,2
13036,55,1,6,6,6,6,5,5,5,5,5
13037,60,0,7,7,7,7,6,7,7,7,7
13041,64,0,5,5,5,5,5,5,5,5,5
13042,55,0,6,6,6,6,6,6,5,6,6
13043,42,1,6,7,7,6,5,5,7,6,5
13044,48,0,4,4,4,4,3,2,5,5,6
13047,23,1,3,3,4,4,3,4,5,4,1
13051,19,1,7,7,7,5,5,5,4,6,5
13052,20,1,5,4,5,5,6,5,4,5,6
13053,19,1,7,6,7,6,6,5,6,7,7
13054,19,1,7,7,7,4,4,4,4,4,4
13055,19,1,5,5,5,5,5,5,5,5,5
13056,20,1,7,7,7,5,7,6,5,6,4
13057,19,1,6,6,6,4,4,3,4,5,4
13058,19,1,6,5,7,6,6,6,5,5,6
13059,29,0,7,7,7,7,5,7,7,7,6
13061,22,1,5,3,6,5,5,5,5,6,5
13062,24,0,3,5,5,4,4,3,2,3,4
13063,25,1,5,5,5,5,5,4,5,5,5
13064,24,0,5,5,5,5,5,5,5,5,5
13065,23,0,5,5,7,6,5,6,6,6,4
13066,25,1,7,7,7,7,6,6,7,7,6
13067,21,1,5,5,5,5,4,4,3,3,3
13068,22,1,5,7,6,6,6,6,6,6,6
13069,22,0,4,4,4,4,4,4,5,4,4
13070,22,1,7,5,7,5,4,3,6,7,6
13060,23,0,7,7,7,7,4,4,7,7,7
13071,20,0,4,6,5,4,5,3,6,5,5
13072,21,0,5,6,7,5,4,4,6,6,6
13073,19,0,7,7,7,7,4,3,6,3,4
13074,18,0,7,7,7,7,7,7,7,7,6
13075,20,0,2,3,1,2,2,2,7,5,4
13076,20,1,6,7,7,4,4,4,6,4,3
13077,20,0,6,6,6,5,5,4,5,6,6
13078,18,0,7,7,7,7,4,4,5,4,4
13079,46,0,4,4,4,4,4,4,7,7,7
13081,55,1,7,7,7,7,7,6,6,7,7
13082,30,0,5,6,6,6,5,5,5,5,5
13083,33,1,5,5,6,6,5,6,5,5,5
13084,60,1,4,5,3,3,3,3,3,3,1
13085,64,0,7,7,7,7,7,6,6,7,7
13086,61,0,7,7,7,6,6,5,6,6,7
13087,31,0,5,7,7,7,7,4,7,7,5
13088,59,0,7,7,7,7,7,7,6,7,7
13089,54,0,5,5,7,4,4,3,5,5,4
13090,46,0,5,6,6,5,5,5,5,5,5
13091,55,0,7,7,1,7,7,7,7,7,7
13092,56,0,7,3,7,7,6,5,4,7,4
13093,64,0,7,7,7,7,7,7,7,7,7
13094,33,0,6,5,7,6,6,6,6,6,6
13095,56,0,7,7,7,7,5,5,6,7,7
13096,59,0,7,7,7,7,7,5,7,7,7
13097,53,0,7,5,7,7,5,7,5,7,5
13098,47,0,5,4,4,4,4,5,4,4,4
13099,53,0,6,6,7,6,6,6,6,6,6
13100,43,0,6,7,6,5,5,3,6,5,3
13001,22,0,3,4,4,4,4,3,4,4,4
13002,22,1,5,5,7,5,5,2,4,5,5
13038,1,1,6,5,6,5,5,5,5,6,5
13039,29,0,7,7,7,6,5,1,7,6,4
13040,62,1,7,7,7,6,6,5,6,6,6
13045,43,1,7,7,7,7,7,7,7,7,7
13046,34,1,7,7,7,7,7,6,7,7,6
13080,41,1,7,7,7,7,7,7,7,7,7
13105,20,1,7,7,6,6,6,5,5,6,6
13106,46,1,7,7,7,7,7,7,7,7,7
13107,43,1,3,7,6,3,3,3,6,3,3
13108,31,1,1,3,3,1,1,1,2,3,4
13109,32,1,5,5,7,5,3,1,6,5,6
13101,57,1,6,6,6,6,6,6,7,7,6
13102,24,1,6,7,7,6,5,5,7,6,2
13103,26,1,5,7,5,4,4,1,5,4,1
13104,38,1,5,6,6,6,5,5,6,6,5
13110,32,1,6,7,7,7,5,5,7,6,6
13111,61,0,7,7,7,7,7,7,7,7,7
13112,27,0,7,3,7,3,3,3,7,7,3
13113,38,1,7,7,7,7,7,7,6,6,4
13114,22,1,5,4,7,5,5,4,5,6,4
13115,62,0,6,6,7,6,6,5,6,6,4
13116,46,1,7,7,7,7,7,7,6,6,7
13123,20,1,5,5,5,5,5,5,5,5,5
13124,20,1,7,5,7,4,4,3,5,5,4
13126,20,0,4,4,4,4,4,4,4,4,4
13128,20,1,4,4,4,4,4,4,4,4,4
13129,20,1,7,7,7,7,7,5,6,7,5
13130,22,0,6,6,6,6,5,5,6,6,6
13131,20,0,4,5,5,3,4,3,5,5,3
13132,19,1,5,5,7,3,5,2,7,6,4
13133,19,1,5,4,5,5,4,4,4,4,4
13134,18,0,4,4,6,4,6,1,5,4,1
13135,18,0,5,6,6,6,4,4,3,5,3
13136,18,1,5,7,7,5,5,5,6,6,6
13137,19,0,7,7,7,7,7,7,7,7,7
13138,20,0,6,6,6,6,5,6,7,6,4
13139,20,0,4,7,7,7,6,6,2,4,4
13140,18,0,6,5,7,6,7,6,7,7,6
13141,20,0,7,7,7,7,7,7,7,7,7
13142,19,0,7,7,7,7,7,7,7,7,4
13143,19,1,6,5,7,4,5,4,6,6,6
13144,20,1,7,7,7,7,7,7,4,5,5
13145,19,1,6,5,6,4,5,4,5,5,4
13146,19,1,7,6,7,6,6,6,6,6,6
13147,20,1,7,7,6,6,7,4,6,6,4
13148,21,1,7,7,7,7,7,7,7,7,7
13149,24,0,6,7,7,4,4,4,6,5,6
13150,19,1,6,5,6,5,4,4,5,6,4
13151,19,1,6,3,6,7,5,2,5,7,6
13152,20,0,6,5,6,5,5,4,5,5,4
13153,20,0,7,7,7,7,7,7,7,7,7
13154,20,0,7,6,7,6,6,6,7,6,4
13155,20,0,3,4,5,5,5,4,5,5,5
13156,19,1,5,7,5,5,5,4,6,5,5
13157,,0,3,5,5,5,5,5,5,5,5
13158,,0,1,7,1,1,4,1,6,1,1
13159,58,1,5,6,6,5,5,3,4,4,5
13160,19,0,4,5,4,1,5,1,4,4,1
13161,19,1,4,6,5,4,5,4,5,4,4
13162,19,1,7,5,5,4,3,4,5,5,4
13163,20,1,7,5,7,4,4,2,4,7,4
13164,26,0,6,5,6,4,4,2,7,7,7
13167,19,0,5,4,5,6,5,6,5,5,4
13169,19,0,3,5,4,4,4,4,7,5,1
13170,19,0,6,7,6,6,5,5,6,6,5
13171,20,0,5,5,6,5,5,4,5,6,5
13172,20,0,6,6,6,6,7,4,5,6,2
13173,21,0,5,6,6,6,5,4,5,5,4
13174,24,1,7,7,7,5,5,5,6,6,4
13176,20,1,6,5,6,6,5,5,7,6,5
13177,17,0,7,7,7,7,7,7,7,7,7
13178,19,0,6,6,7,5,4,4,5,5,7
13179,,1,6,5,5,5,5,5,7,6,5
13180,23,1,6,6,6,3,2,2,6,6,4
13181,21,1,5,6,7,5,6,6,6,5,5
13182,20,1,6,7,7,5,6,5,6,6,4
13183,17,1,7,6,7,7,5,7,6,7,5
13184,48,0,7,7,7,7,7,7,7,7,4
13185,19,0,6,6,5,5,6,5,6,5,5
13186,19,1,5,6,6,5,5,5,6,5,5
13187,23,0,1,3,2,5,2,4,3,5,3
13188,21,1,6,4,5,5,5,6,6,5,3
13189,22,0,7,7,7,7,7,7,7,7,7
13190,21,1,6,5,7,6,6,6,6,6,6
13125,20,0,5,4,7,4,5,5,4,5,6
13127,20,0,7,7,7,7,7,7,7,7,7
13196,24,0,5,5,5,5,4,4,4,5,5
13197,32,1,6,7,7,5,5,5,7,6,5
13199,24,1,6,6,7,4,3,1,7,6,4
13200,35,1,6,6,7,6,5,5,7,6,6
13201,24,1,7,7,7,7,7,5,7,7,4
13202,23,1,7,7,7,7,7,6,4,7,4
13203,59,1,7,7,7,7,7,7,7,7,7
13204,37,0,7,6,7,6,6,6,5,6,4
13400,27,0,7,7,7,7,7,7,7,7,7
13401,26,1,5,5,6,5,4,4,5,5,5
13402,27,0,6,7,7,7,7,5,6,6,5
13403,20,1,7,7,7,7,7,6,6,7,6
13404,26,1,7,7,7,5,6,4,7,7,1
13405,26,1,5,7,7,6,5,4,6,5,4
13406,26,1,4,7,7,3,3,1,5,5,1
13407,28,0,4,4,5,5,4,4,3,4,4
13408,25,1,7,7,7,5,6,4,7,6,4
13409,23,0,5,6,7,5,5,4,6,6,4
13410,36,1,7,7,7,7,5,4,7,7,7
13411,25,1,7,7,7,5,5,5,5,6,5
13412,18,1,6,6,6,6,5,5,5,5,3
13413,21,1,,6,6,4,4,4,5,5,5
13414,23,1,4,7,7,4,4,4,4,4,2
13415,26,1,7,7,7,7,7,7,7,7,7
13416,26,0,3,4,4,2,3,2,4,4,3
13417,25,1,6,7,6,4,5,5,5,6,5
13418,21,0,5,5,6,5,5,2,4,4,2
13419,25,1,5,6,6,6,5,4,6,6,6
13420,26,1,3,7,6,4,3,2,7,4,3
13421,37,0,7,5,7,6,5,5,7,7,4
13422,26,0,4,5,4,4,4,3,3,3,1
13423,23,1,5,7,7,5,7,4,4,6,4
13424,25,1,7,7,7,7,7,6,7,7,6
13425,29,0,6,5,6,4,3,2,2,5,3
13426,24,0,7,7,7,7,7,4,7,7,7
13427,19,1,6,6,7,7,6,6,6,6,4
13428,25,0,6,7,7,7,7,6,7,7,7
13429,25,0,7,7,7,7,7,7,,7,7
13430,26,1,5,7,7,5,5,4,6,5,3
13431,22,0,5,5,7,5,5,2,5,4,2
13432,24,1,6,6,6,6,4,4,5,6,4
13433,26,1,7,7,7,7,5,5,7,7,7
13434,50,1,7,7,7,7,7,7,7,7,1
13435,21,1,4,4,7,4,5,4,7,6,4
13436,20,1,2,6,6,6,6,3,4,4,4
13437,24,1,5,5,6,5,6,5,5,6,7
13438,25,1,7,7,7,7,7,7,7,7,7
13439,20,1,2,6,6,6,6,3,4,4,4
13440,22,1,5,6,6,6,5,5,5,5,5
13441,23,0,7,7,7,7,7,7,7,7,7
13442,26,0,4,4,4,4,4,4,4,4,2
13443,26,0,6,7,6,6,3,4,6,6,3
13444,24,0,4,6,7,6,4,3,5,5,3
13445,24,0,5,7,7,5,5,4,6,6,4
13446,0,1,4,5,6,4,5,3,6,4,5
13447,0,0,7,7,7,7,7,7,7,7,7
13448,20,1,4,4,6,5,4,3,4,4,3
13449,22,0,4,4,4,4,4,4,4,4,4
13450,30,1,5,4,4,4,4,2,4,4,2
13451,30,1,7,7,7,7,7,7,7,7,7
13452,49,1,7,7,7,7,7,7,7,7,7
13453,25,0,7,7,7,7,7,5,7,7,7
13454,27,1,4,7,7,4,6,2,5,5,3
13455,27,0,7,7,7,5,5,4,6,6,7
13456,24,1,6,6,6,6,6,4,6,6,5
13457,22,0,4,4,6,5,5,5,4,5,2
13458,24,1,5,4,7,7,6,4,4,4,4
13459,20,1,5,4,5,5,4,4,4,4,3
13460,23,1,7,7,7,7,7,5,7,7,7
13461,22,1,4,5,5,5,3,2,7,4,4
13462,27,1,4,7,7,4,5,3,4,5,2
13463,48,1,7,7,7,7,7,7,7,7,7
13464,24,1,5,7,7,4,5,3,6,6,5
13465,31,1,4,5,7,7,7,5,5,5,3
13466,25,1,4,4,5,4,4,4,4,4,4
13467,25,1,6,7,7,7,7,7,7,7,7
13468,27,0,5,2,7,6,1,1,4,4,4
13469,23,1,3,5,7,5,5,1,5,4,4
13470,31,1,4,4,4,4,4,4,4,4,3
13471,33,1,7,7,7,6,6,6,6,6,5
13472,40,0,1,7,7,3,3,1,7,4,1
13473,23,0,7,7,7,7,3,3,7,7,3
13474,,0,4,6,6,5,4,3,2,4,2
13475,45,1,7,7,7,5,6,5,7,6,4
13476,63,1,7,7,7,7,7,1,7,7,
13477,23,1,6,7,7,5,4,4,7,6,2
13478,26,1,6,6,6,6,6,5,5,5,6
13479,31,1,5,6,6,6,6,4,4,5,4
13480,46,1,7,7,7,7,7,5,7,7,6
13481,30,1,5,6,6,5,6,4,6,6,3
13482,51,0,5,5,4,4,4,4,3,4,4
13483,25,1,5,6,7,4,3,3,7,5,4
13484,25,0,4,3,5,4,3,2,3,4,4
