pid,age,sex,idm1,idm2,idm3,idm4,idm5,idm6,idm7,idm8,idm9
1001,23,1,4,4,4,2,4,2,3,5,5
1002,18,1,4,3,4,3,3,3,3,4,3
1003,26,1,5,5,5,5,4,4,5,5,5
1004,22,1,4,5,5,5,4,4,4,4,5
1005,20,1,2,3,4,1,3,1,4,2,1
1006,18,1,5,5,5,4,5,4,4,4,5
1007,18,1,5,5,5,5,5,3,5,5,5
1008,18,0,4,5,5,4,3,3,4,4,3
1009,18,1,3,5,1,2,4,2,3,2,2
1010,18,0,5,4,5,3,3,3,4,4,3
1011,18,0,5,5,5,5,5,4,5,5,5
1012,18,0,5,5,5,5,5,4,5,5,5
1013,19,0,5,5,5,5,5,5,4,5,5
1014,18,0,5,5,5,4,5,3,5,5,5
1015,18,0,5,5,5,5,5,5,5,5,5
1016,18,0,1,5,1,3,3,1,4,3,1
1017,19,0,5,4,5,4,5,3,4,5,3
1018,21,0,5,5,5,5,5,4,4,4,4
1019,19,1,3,3,5,3,4,4,5,3,1
1020,19,0,5,5,5,5,5,4,4,4,4
1021,19,1,5,5,5,4,4,3,4,5,4
1022,21,1,3,5,5,4,3,3,4,3,1
1023,18,0,5,4,5,4,5,5,5,5,4
1024,23,1,4,5,5,4,4,4,4,4,4
1025,21,0,5,5,5,3,4,4,4,5,4
1026,19,0,4,3,4,4,4,3,4,4,4
1027,19,0,5,5,5,5,5,4,5,5,5
1028,20,0,4,4,4,4,4,3,4,4,3
1029,20,0,5,5,5,3,4,3,4,4,4
1030,19,0,5,5,5,5,5,4,5,5,5
1031,19,0,5,5,5,4,4,4,4,4,4
1032,24,0,5,5,5,5,5,5,5,5,5
1033,28,1,3,5,4,4,4,3,4,4,2
1034,21,1,4,4,5,4,4,3,3,4,5
1035,20,1,4,5,5,4,4,3,4,4,4
1036,24,1,4,3,5,4,3,2,3,3,4
1037,20,0,5,5,5,3,5,3,5,5,5
1038,21,1,4,5,5,1,5,1,1,3,3
1039,21,0,4,4,4,4,4,3,4,4,3
1040,19,1,5,5,5,5,5,4,4,5,5
1041,19,1,4,1,4,3,3,2,4,4,3
1042,26,1,5,5,5,3,3,3,5,4,3
1043,21,1,5,4,5,5,5,4,4,5,5
1044,24,0,5,4,5,5,5,3,4,5,5
1045,22,0,5,5,5,5,5,5,5,5,5
1046,20,1,4,4,4,4,4,3,4,4,3
1047,20,0,4,5,5,5,4,4,5,5,5
1048,20,0,5,4,5,5,5,3,4,5,5
1049,19,0,2,5,1,3,5,3,4,4,2
1050,19,0,4,4,4,4,4,4,4,4,3
1051,26,0,5,5,5,5,5,4,5,5,5
1052,21,0,3,5,3,3,4,3,4,3,3
1053,26,1,2,5,3,3,4,3,5,4,3
1054,30,1,4,4,4,4,4,4,4,4,4
1055,28,0,4,4,4,4,4,4,4,4,4
1056,19,1,4,4,4,4,4,4,4,4,3
1057,19,1,5,5,5,5,5,5,5,5,5
1058,20,0,4,3,4,3,4,3,3,4,4
1059,24,0,5,5,5,5,5,5,5,5,5
1060,19,0,5,5,5,5,5,5,5,5,5
1061,19,0,5,5,5,5,5,4,5,5,5
1062,19,0,3,3,3,3,3,3,3,3,3
1063,18,0,3,5,4,3,4,4,3,4,4
1064,18,0,5,5,5,5,5,4,4,5,4
1065,19,1,5,5,5,5,5,5,5,5,5
1066,19,0,5,5,5,5,5,5,5,5,5
1067,19,0,4,3,4,4,3,3,3,4,4
1068,20,0,4,4,5,4,4,3,4,4,4
1069,23,0,4,4,4,4,4,4,4,4,3
1070,19,0,5,5,5,5,5,5,5,5,5
1071,19,0,4,4,5,4,4,3,4,4,4
1072,21,1,5,4,5,4,4,3,4,4,2
1073,18,1,5,5,5,4,4,4,4,4,3
1074,18,0,5,5,5,4,4,3,5,4,3
1075,18,0,4,4,4,4,4,4,4,4,5
1076,19,0,4,5,5,5,5,4,5,5,3
1077,19,1,5,5,5,4,5,4,5,5,4
1078,18,0,3,4,4,3,3,1,5,3,1
1079,20,1,5,5,5,5,5,4,5,5,5
1080,20,0,4,3,4,5,3,3,4,3,2
1081,18,1,3,3,3,3,3,3,4,4,3
1082,18,0,4,4,5,5,5,3,5,5,2
1083,18,0,4,4,5,4,4,3,4,4,4
1084,18,0,5,5,5,4,4,4,4,5,4
1085,19,0,5,5,5,5,5,5,5,5,5
1086,19,0,5,5,5,5,5,4,4,4,5
1087,18,1,5,5,5,4,4,3,4,4,3
1088,22,1,3,5,3,3,4,2,4,3,1
1089,18,1,4,5,5,4,5,5,4,4,5
1090,18,1,4,5,5,4,3,3,3,4,4
1091,38,0,1,2,1,1,1,1,4,3,3
1092,19,1,5,5,5,3,3,3,4,4,4
1093,19,1,5,5,5,4,3,3,4,5,3
1094,18,1,4,4,5,4,4,4,3,4,5
1095,18,0,4,4,4,4,4,2,4,4,3
1096,19,0,5,5,5,5,5,3,5,5,4
1097,18,1,4,4,4,4,4,3,4,4,3
1098,18,0,4,5,5,4,5,4,4,5,4
1099,18,0,5,5,5,4,4,4,4,5,3
1100,20,1,4,5,4,4,4,4,4,4,4
1101,18,0,5,5,5,5,5,5,5,5,5
1102,23,1,4,4,5,3,3,2,4,4,3
1103,19,0,5,5,5,5,5,5,5,5,5
1104,21,0,5,5,5,5,5,4,5,5,5
1105,21,0,5,5,5,5,5,5,5,5,5
1106,18,0,5,4,5,5,5,3,3,4,4
1107,18,0,5,5,5,5,5,4,5,5,5
1108,18,1,5,5,5,5,5,5,5,5,5
1109,18,0,5,5,5,4,4,4,5,5,4
1110,18,0,5,5,5,5,5,5,4,5,4
1111,18,0,5,5,5,5,5,5,5,5,5
1112,20,1,5,5,5,5,5,4,4,4,5
1113,18,0,3,4,3,2,3,1,4,3,1
1114,18,0,5,5,5,4,4,3,4,4,4
1115,18,0,5,5,5,4,4,3,5,5,4
1116,19,0,5,5,5,5,5,5,5,5,5
1117,20,0,4,5,5,4,4,3,5,4,4
1118,20,0,3,4,4,2,3,2,3,3,3
1119,18,0,5,4,5,5,4,4,5,5,4
1120,18,0,5,4,5,5,5,5,4,4,4
1121,21,0,5,5,5,5,5,5,5,5,5
1122,20,0,5,5,5,5,5,5,5,5,5
1123,18,0,5,5,5,5,5,5,5,5,5
1124,25,0,5,4,5,4,5,4,4,5,5
1125,25,1,4,3,4,3,3,3,3,3,3
1126,18,0,5,5,5,5,5,5,5,5,5
1127,23,0,4,5,5,5,5,5,4,5,3
1128,18,0,4,5,5,4,4,3,4,4,3
1129,18,1,3,3,3,2,1,1,3,2,1
1130,19,0,5,5,5,5,5,5,5,5,5
1131,18,1,3,3,3,3,3,3,3,3,2
1132,19,0,4,4,4,4,4,3,4,4,4
1133,18,0,5,5,5,5,5,5,5,5,5
1134,22,0,5,5,5,4,4,3,4,4,5
1135,20,0,3,4,3,4,5,3,4,4,5
1136,20,0,4,3,3,3,4,3,4,4,2
1137,22,1,4,5,5,3,4,3,5,4,3
1138,21,0,5,5,5,5,5,5,5,5,5
1139,20,0,5,5,5,5,5,5,5,5,5
1140,21,0,5,5,5,3,4,3,5,5,3
1141,25,0,5,5,5,5,5,5,5,5,5
1142,38,0,5,5,5,5,5,5,5,5,5
1143,18,0,4,5,5,4,4,4,4,5,3
1144,20,0,4,4,5,4,4,2,4,4,3
1145,19,0,5,5,5,5,5,5,5,5,5
1146,19,0,5,5,5,5,4,5,5,5,4
1147,23,0,5,3,5,3,3,3,5,5,5
1148,18,0,5,5,5,5,5,4,5,5,5
1149,19,0,5,5,5,3,4,4,4,4,5
1150,18,0,5,5,5,5,5,3,5,5,3
1151,18,0,5,5,5,5,5,4,5,5,5
1152,18,1,4,4,4,4,4,4,3,4,3
1153,18,0,4,5,5,4,4,4,3,4,4
1154,18,0,5,5,5,5,4,4,5,5,4
1155,22,0,4,4,5,5,4,3,4,5,5
1156,18,0,5,5,5,3,5,3,5,5,4
1157,23,0,5,5,5,5,5,3,5,5,5
1158,18,0,5,4,5,4,4,4,4,5,5
1159,22,0,5,5,5,5,5,4,5,5,5
1160,18,0,4,5,3,1,4,2,4,3,3
1161,38,0,5,5,5,5,4,4,4,5,4
1162,24,0,5,5,5,5,5,3,5,5,3
1163,47,1,4,4,4,4,4,4,4,4,3
1164,33,0,5,5,5,5,5,4,5,5,5
1165,51,0,5,5,5,5,5,5,5,5, 
1166,44,0,1,5,3,1,4,3,5,5,3
1167,31,0,5,5,5,5,4,4,5,5,4
1168,21,1,4,5,5,5,5,4,4,5,4
1169,24,0,4,4,4,4,4,4,4,4,4
1170,20,0,5,4,5,5,5,3,5,5,3
1171,23,0,5,5,5,5,5,5,3,5,5
1172,23,1,5,4,5,4,5,4,4,4,3
1173,19,0,2,2,2,2,2,1,4,2,1
1174,20,0,5,5,5,5,5,5,5,5,5
1175,19,0,4,5,3,3,5,4,5,5,3
1176,20,0,5,5,5,4,4,3,5,5,5
1177,18,0,5,5,5,5,5,5,5,5,5
1178,64,1,4,4,4,3,3,3,4,4,3
1179,28,0,4,5,5,5,5,5,5,5,4
1180,30,1,4,4,4,4,4,4,4,4,4
1181,22,1,4,4,4,3,3,2,3,4,3
1182,22,0,5,5,5,3,4,3,5,4,3
1183,21,0,3,4,4,3,3,1,3,3,3
1184,29,0,4,5,5,5,5,5,5,5,2
1185,50,0,5,5,1,5,5,1,5,5,1
1186,22,1,5,4,5,5,4,5,5,5,4
1187,60,0,5,5,5,5,4,4,5,5,4
1188,50,0,5,5,5,5,5,3,4,4,5
1189,40,0,5,4,5,5,5,5,5,5,3
1190,27,0,5,5,5,5,5,3,5,5,5
1191,25,0,5,5,5,5,5,5,5,5,5
1192,30,0,5,5,5,5,5,4,5,5,4
1193,23,1,4,4,4,3,4,3,4,4,4
1194,22,0,5,5,5,5,5,4,5,5,5
1195,22,0,5,5,5,5,5,4,5,5,5
1196,23,0,3,4,4,4,3,3,4,4,3
1197,21,0,4,4,5,3,3,2,4,4,1
1198,20,0,4,3,4,3,3,3,3,4,2
1199,21,1,4,4,4,3,3,3,4,4,3
1200,22,1,4,4,4,4,4,4,4,4,4
2001,51,1,5,5,5,5,5,4,5,5,5
2002,18,0,5,4,5,3,3,2,3,4,3
2003,56,0,5,5,5,5,4,5,5,4,5
2004,53,0,5,4,5,5,5,5,5,5,5
2005,57,1,5,5,5,5,5,5,5,5,5
2006,18,1,4,4,5,3,4,3,4,4,4
2007,55,1,5,5,5,5,5,5,5,5,5
2008,25,1,5,5,5,5,3,5,5,5,5
2009,38,0,5,5,5,5,5,5,5,5,3
2010,25,1,3,3,3,2,2,2,2,3,2
2011,23,1,4,4,4,4,4,4,4,4,5
2012,21,1,5,5,5,5,5,5,5,4,5
2014,51,1,5,5,5,5,5,3,5,5,5
2015,79,0,5,5,5,5,5,3,5,5,5
2016,72,1,5,5,5,5,5,3,5,5,5
2017,24,0,5,5,5,5,5,3,5,5,5
2018,18,0,5,4,5,3,3,2,3,4,3
2018,52,0,5,5,5,5,5,3,5,5,5
2021,22,1,5,5,5,5,5,5,5,5,3
2022,24,1,3,4,4,2,2,2,2,4,2
2023,22,1,5,4,5,5,4,3,4,4,3
2024,24,1,4,4,4,4,4,3,4,4,3
2025,54,0,5,5,5,5,5,4,4,5,3
2026,20,0,1,1,5,5,4,3,4,4,3
2027,22,1,1,3,3,1,1,1,3,2,1
2028,23,1,4,4,4,4,4,3,4,4,3
2029,56,1,5,5,5,5,5,5,5,5,4
2030,39,0,5,5,5,5,5,5,5,5,5
2031,46,1,5,5,5,5,5,4,5,5,5
2032,52,0,5,5,5,5,5,4,4,5, 
2032,52,0,5,5,5,5,5,4,4,5, 
2033,39,1,5,4,5,5,3,4,4,5,5
2034,33,0,1,1,3,1,1,2,1,1,1
2035,19,1,5,5,5,5,5,4,5,5,5
2036,36,1,5,4,4,4,4,3,3,4,5
2037,41,0,5,4,5,4,4,3,5,4,5
2038,22,1,5,4,5,5,5,4,4,4,5
2039,44,0,5,4,5,4,4,5,5,4,4
2040,52,0,5,5,5,5,5,5,5,5, 
2041,50,0,5,5,5,5,5,5,4,5,4
2043,25,1,3,5,2,1,2,1,4,3,1
2044,23,1,3,4,4,3,3,3,3,4,1
2045,24,1,5,5,5,5,5,5,4,4,5
2047,23,1,4,4,5,4,3,5,5,3,2
2049,24,0,3,5,5,4,3,3,3,3,1
2050,21,0,5,5,5,5,5,3,5,5,2
2051,22,1,1,1,1,1,1,1,1,1,1
2052,21,1,5,5,5,5,5,4, ,5,4
2054,54,0,5,5,5,5,5,4,5,5, 
2055,40,1,4,3,5,4,3,3,3,4,4
2056,22,1,5,5,5,5,5,5,5,5,5
2057,22,1,4,4,4,3,4,3,3,3,4
2058,18,1,5,5,5,5,5,5,5,5, 
2059,19,0,4,3,4,4,2,1,3,3,2
2060,19,1,5,5,5,5,4,5,4,5,5
2061,20,1,5,5,5,4,4,2,3,4,4
2062,27,0,5,4,5,5,5,4,4,4,5
2063,21,0,3,5,3,4,3,3,4,4,3
2064,20,0,4,4,4,4,3,3,4,4,3
2066,20,1,4,4,4,3,3,3,1,1,1
2067,18,0,5,5,5,4,4,3,3,4, 
2068,37,1,5,3,5,4,3,2,4,5, 
2069,24,1,5,5,5,5,5,5,5,5,5
2070,23,1,5,4,5,5,5,3,4,4,5
2071,24,1, , , , , , , , , 
2072,23,1,4,4,4,4,4,3,3,3,1
2073,21,1,5,5,5,5,5,5,5,5,5
2074,30,0,5,5,5,5,5,5,5,5,3
2100,54,0,5,5,5,5,5,5,5,5, 
2101,48,1,5,5,5,5,5,5,5,5,5
2102,45,0,4,5,4,5,5,4,5,5,4
2103,51,0,4,4,4,4,4,3,4,4,3
2104,48,0,5,5,5,5,5,5,5,5,5
2105,31,0,5,5,5,5,5,3,3,4,3
2106,33,0,5,5,5,5,5,5,5,5,4
2107,40,0,5,5,5,5,5,5,5,5,5
2108,29,1,5,5,5,5,4,3,5,5,5
2109,47,1,5,5,5,5,5,5,5,5,5
2110,33,1,5,5,5,5,5,5,5,5,5
2111,49,1,5,5,5,5,5,5,5,5,5
2112,51,0,4,4,4,4,4,2,4,4,3
2113,35,1,5,4,5,5,4,4,4,5,4
2114,44,0,3,4,4,4,4,3,4,4,3
2115,43,1,4,4,4,4,4,4,3,4,3
2121,30,0,5,4,5,4,4,3,4,5, 
2123,39,1,5,5,5,5,5,5,5,5,5
2125,22,0,5,5,5,5,5,5,5,5,5
2126,57,1,5,5,5,5,5,5,5,5,5
2127,47,1,5,5,5,5,5,5,5,5,5
2129,44,0,5,5,5,5,5,5,5,5,5
2130,44,0,5,5,5,5,5,5,5,5,5
2131,45,1,3,4,4,4,4,4,4,4, 
2132,47,0,5,5,5,5,5,5,5,5,5
2133,57,0,5,5,5,5,5,5,4,5, 
2134,24,0,4,5,5,5,3,3,4,4,3
2135,36,1,5,5,5,5,4,4,4,5, 
2136,26,0,5,4,5,4,4,4,4,4,4
2137,25,1,5,4,5,4,4,4,4,4,4
2141,56,0,5,5,5,5,4,3,3,5,3
2143,63,0,4,5,5,5,4,4,5,5, 
2144,68,0,4,3,4,4,4,4,4,4,4
2145,29,1,5,5,5,5,4,4,4,4,4
2152,46,0,5,5,5,5,5,5,5,5,5
2153,55,0,5,5,5,5,5,5,5,5,5
2155,31,0,5,5,5,5,5,5,5,5,5
2156,57,0,4,4,4,4,4,4,4,4,4
2158,29,0,5,5,5,5,5,5,5,5,5
2159,51,0,5,5,5,5,5,1,5,5,3
2160,54,1,5,5,5,5,5,5,5,5,5
2161,52,0,5,5,5,5,5,4,4,5,5
2165,62,1,4,5,5,5,5,5,5,5,4
2166,57,0,5,5,5,5,5,5,5,5,5
2170,32,0,5,5,5,5,4,4,3,4,4
2172,36,1,4,5,4,4,3,3,4,4,3
2173,41,0,4,4,5,5,5,4,5,5,5
2173,56,0,3,5,3,4,5,3,4,4,3
2174,36,1,1,5,5,5,5,3,5,5, 
2175,43,1,5,5,5,5,5,5,5,5,5
2176,51,0,5,5,5,5,5,5,5,5,5
2177,46,1,5,5,5,5,5,5,5,5,5
2178,44,0,5,5,5,5,5,5,5,5,5
2179,43,1,5,5,5,5,5,5,5,5,5
2180,18,1,5,5,5,5,5,3,3,5,3
2181,32,1,5,5,5,5,5,4,4,5,4
2182,32,1,5,5,5,5,5,4,4,5,4
2183,24,1,5,5,5,5,5,4,5,5,5
2184,55,1,5,5,5,5,5,5,5,5, 
2185,25,0,4,4,4,4,4,4,4,4,3
2186,55,0,5,5,5,5,5,5,5,5,5
2187,27,0,5,4,5,5,3,1,3,4,1
2188,52,0,5,3,5,5,5,5,5,5,5
2189,24,1,5,4,5,5,4,4,3,4,4
2190,39,0,5,5,5,5,5,5,5,5,5
2191,21,1,4,4,4,4,3,3,4,4,3
2192,26,0,3,4, ,2,3,2,4,4,1
2193,34,1,5,5,5,4,5,3,4,4,5
2194,56,1,5,5,5,5,5,5,5,5,5
2195,48,0,5,5,5,5,5,4,4,5,5
2196,32,0,5,5,5,5,5,4,5,5, 
2197,25,0,5,5,5,5,5,5,5,5,5
2198,28,0,5,5,5,5,1,1,5,5,1
2199,27,1,5,5,5,5,5,5,5,5,5
2200,23,0,5,5,5,5,3,3,4,5,5
2201,30,1,5,5,5,5,5,4,5,5,5
2202,33,1,5,5,5,5,5,5,5,5,5
2203,50,0,5,5,5,5,5,3,5,5,5
2204,71,0,5,5,5,5,4,4,5,5,4
2205,61,1,5,5,5,5,5,5,5,5, 
2220,56,0,5,5,5,5,5,5,5,5,5
2221,54,0,5,5,5,5,5,5,3,5,5
2222,22,1,4,4,2,3,2,3,3,3,3
2223,58,0,5,5,5,5,5,4,4,5,1
2224,65,0,5,5,5,5,5,5,5,5,5
2225,44,0,5,4,5,4,4,4,4,4,4
2226,38,0,5,3,5,5,4,3,4,4,5
2226,63,0,4,4,5,5,5,5,5,5,5
2227,44,0,5,5,5,5,5,5,5,5,5
2227,56,0,5,5,5,5,5,5,5,5,5
2228,43,1,4,4,5,5,3,4,5,4,4
2228,53,1,4,4,4,4,4,3,4,4,4
2229,28,1,5,5,5,5,5,1,4,4,1
2230,30,0,3,3,4,4,3,4,4,4,3
2231,50,0,5,5,5,5,4,4,4,4,4
2232,36,1,5,5,5,5,5,4,4,5,3
2256,54,1,5,5,5,5,5,5,5,5,5
2257,51,1,5,5,5,5,5,4,5,5,5
2258,59,0,5,5,5,5,5,5,5,5,5
2259,17,0,4,5,4,5,2,4,5,3,3
2260,27,1,5,5,5,5,5,5,5,5,5
2261,80,1,5,5,5,4,5,4,4,5,5
2264,19,1,5,5,5,5,5,3,3,5,5
2265,48,1,5,5,5,5,4,4,5,5,5
2278,20,1,5,5,5,4,5,4,5,5,4
2279,23,0,5,4,5,4,3,4,4,4,3
2280,24,1,5,5,5,5,5,5,4,4,5
2281,26,1,5,3,5,5,5,1,3,5, 
2282,52,0,5,4,5,5,4,5,5,5,5
2283,54,0,5,5,5,5,5,5,5,5,3
2284,27,0,5,4,5,5,5,1,3,5, 
2285,55,1,5,3,5,4,3,1,3,3,3
2286,50,1,5,5,5,5,5,5,5,5,5
2287,55,0,5,5,5,5,5,5,5,5,5
2288,24,0,5,5,5,5,5,5,5,5,5
2289,32,0,5,5,5,5,5,5,5,5,5
2290,41,0,5,5,5,5,5,4,5,5,5
2291,40,0,5,5,5,5,5,5,5,5,5
2292,24,0,5,4,5,5,3,3,4,5,5
2293,25,0,5,5,5,5,5,3,5,5,4
2294,54,0,5,4,5,3,4,3,4,4,5
2295,43, ,5,5,5,5,5,5,5,5,5
2296,32,0,5,5,5,4,5,4,5,5,4
2297,63,1,5,5,5,5,5,3,5,5,5
2298,23,1,5,5,5,5,5,5,5,5,5
2299,67,1,5,5,5,5,4,4,4,5, 
2300,44,0,5,5,5,5,5,5,5,5,5
2301,21,1,5,5,5,5,5,5,5,5,5
2302,21,1,4,4,4,3,3,1,3,4,4
2303,45,1,5,5,5,5,5,5,5,5,5
2305,22,0,5,5,5,4,5,3,5,5, 
2306,32,0,4,3,3,4,3,3,4,4,4
2307,19,0, ,3, ,2,2,2,3,2,2
2308,22,1,4,4,5,4,5,4,5,4,3
2309,30,1,5,5,5,5,5,5,5,5, 
2312,54,0,4,4,5,5,5,3,4,4,5
2313,31,1,3,4,3,3,4,3,4,3,3
2314,28,0,4,4,5,5,5,3,4,5,5
2315,50,1,5,4,5,5,5,3,3,5,5
2316,50,1,4,4,4,4,4,4,4,4,4
2317,24,1,5,4,5,5,5,4,5,5,4
2318,33,0,5,5,5,5,4,4,5,5,4
2319,19,1,5,5,5,5,5,4,5,5,4
2320,49,1,3,5,3,5,5,4,5,5,3
2321,28,1,5,5,5,5,5,5,5,5,5
2322,25,1,4,4,4,4,4,4,3,4,4
2323,25,1,5,5,5,5,5,4,4,4,4
2324,17,1,5,3,5,5,5,5,4,5,2
2325,19,0,5,5,5,5,5,5,5,5,5
2326,21,1,3,4,5,4,4,4,5,5,4
2328,16,1,4,4,4,3,4,3,5,5,3
2329,16,0,5,5,5,5,5,5,5,5, 
2330,22,1,4,4,5,4,4,4,5,5,4
2332,27,1,5,5,5,5,5,5,5,5,5
2336,23,1,4,4,4,4,4,2,4,4,2
2337,25,1,4,3,5,3,4,1,4,3,1
6001,51,1,5,5,5,5,5,4,5,5,5
6002,18,0,5,4,5,3,3,2,3,4,3
6003,56,0,5,5,5,5,4,5,5,4,5
6004,53,0,5,4,5,5,5,5,5,5,5
6005,57,1,5,5,5,5,5,5,5,5,5
6006,18,1,4,4,5,3,4,3,4,4,4
6007,55,1,5,5,5,5,5,5,5,5,5
6008,25,1,5,5,5,5,3,5,5,5,5
6009,38,0,5,5,5,5,5,5,5,5,3
6010,25,1,3,3,3,2,2,2,2,3,2
6011,23,1,4,4,4,4,4,4,4,4,5
6012,21,1,5,5,5,5,5,5,5,4,5
6014,51,1,5,5,5,5,5,3,5,5,5
6015,79,0,5,5,5,5,5,3,5,5,5
6016,72,1,5,5,5,5,5,3,5,5,5
6017,24,0,5,5,5,5,5,3,5,5,5
6018,18,0,5,4,5,3,3,2,3,4,3
6018,52,0,5,5,5,5,5,3,5,5,5
6021,22,1,5,5,5,5,5,5,5,5,3
6022,24,1,3,4,4,2,2,2,2,4,2
6023,22,1,5,4,5,5,4,3,4,4,3
6024,24,1,4,4,4,4,4,3,4,4,3
6025,54,0,5,5,5,5,5,4,4,5,3
6026,20,0,1,1,5,5,4,3,4,4,3
6027,22,1,1,3,3,1,1,1,3,2,1
6028,23,1,4,4,4,4,4,3,4,4,3
6029,56,1,5,5,5,5,5,5,5,5,4
6030,39,0,5,5,5,5,5,5,5,5,5
6031,46,1,5,5,5,5,5,4,5,5,5
6032,52,0,5,5,5,5,5,4,4,5, 
6032,52,0,5,5,5,5,5,4,4,5, 
6033,39,1,5,4,5,5,3,4,4,5,5
6034,33,0,1,1,3,1,1,2,1,1,1
6035,19,1,5,5,5,5,5,4,5,5,5
6036,36,1,5,4,4,4,4,3,3,4,5
6037,41,0,5,4,5,4,4,3,5,4,5
6038,22,1,5,4,5,5,5,4,4,4,5
6039,44,0,5,4,5,4,4,5,5,4,4
6040,52,0,5,5,5,5,5,5,5,5, 
6041,50,0,5,5,5,5,5,5,4,5,4
6043,25,1,3,5,2,1,2,1,4,3,1
6044,23,1,3,4,4,3,3,3,3,4,1
6045,24,1,5,5,5,5,5,5,4,4,5
6047,23,1,4,4,5,4,3,5,5,3,2
6049,24,0,3,5,5,4,3,3,3,3,1
6050,21,0,5,5,5,5,5,3,5,5,2
6051,22,1,1,1,1,1,1,1,1,1,1
6052,21,1,5,5,5,5,5,4, ,5,4
6054,54,0,5,5,5,5,5,4,5,5, 
6055,40,1,4,3,5,4,3,3,3,4,4
6056,22,1,5,5,5,5,5,5,5,5,5
6057,22,1,4,4,4,3,4,3,3,3,4
6058,18,1,5,5,5,5,5,5,5,5, 
6059,19,0,4,3,4,4,2,1,3,3,2
6060,19,1,5,5,5,5,4,5,4,5,5
6061,20,1,5,5,5,4,4,2,3,4,4
6062,27,0,5,4,5,5,5,4,4,4,5
6063,21,0,3,5,3,4,3,3,4,4,3
6064,20,0,4,4,4,4,3,3,4,4,3
6066,20,1,4,4,4,3,3,3,1,1,1
6067,18,0,5,5,5,4,4,3,3,4, 
6068,37,1,5,3,5,4,3,2,4,5, 
6069,24,1,5,5,5,5,5,5,5,5,5
6070,23,1,5,4,5,5,5,3,4,4,5
6071,24,1, , , , , , , , , 
6072,23,1,4,4,4,4,4,3,3,3,1
6073,21,1,5,5,5,5,5,5,5,5,5
6074,30,0,5,5,5,5,5,5,5,5,3
6100,54,0,5,5,5,5,5,5,5,5, 
6101,48,1,5,5,5,5,5,5,5,5,5
6102,45,0,4,5,4,5,5,4,5,5,4
6103,51,0,4,4,4,4,4,3,4,4,3
6104,48,0,5,5,5,5,5,5,5,5,5
6105,31,0,5,5,5,5,5,3,3,4,3
6106,33,0,5,5,5,5,5,5,5,5,4
6107,40,0,5,5,5,5,5,5,5,5,5
6108,29,1,5,5,5,5,4,3,5,5,5
6109,47,1,5,5,5,5,5,5,5,5,5
6110,33,1,5,5,5,5,5,5,5,5,5
6111,49,1,5,5,5,5,5,5,5,5,5
6112,51,0,4,4,4,4,4,2,4,4,3
6113,35,1,5,4,5,5,4,4,4,5,4
6114,44,0,3,4,4,4,4,3,4,4,3
6115,43,1,4,4,4,4,4,4,3,4,3
6121,30,0,5,4,5,4,4,3,4,5, 
6123,39,1,5,5,5,5,5,5,5,5,5
6125,22,0,5,5,5,5,5,5,5,5,5
6126,57,1,5,5,5,5,5,5,5,5,5
6127,47,1,5,5,5,5,5,5,5,5,5
6129,44,0,5,5,5,5,5,5,5,5,5
6130,44,0,5,5,5,5,5,5,5,5,5
6131,45,1,3,4,4,4,4,4,4,4, 
6132,47,0,5,5,5,5,5,5,5,5,5
6133,57,0,5,5,5,5,5,5,4,5, 
6134,24,0,4,5,5,5,3,3,4,4,3
6135,36,1,5,5,5,5,4,4,4,5, 
6136,26,0,5,4,5,4,4,4,4,4,4
6137,25,1,5,4,5,4,4,4,4,4,4
6141,56,0,5,5,5,5,4,3,3,5,3
6143,63,0,4,5,5,5,4,4,5,5, 
6144,68,0,4,3,4,4,4,4,4,4,4
6145,29,1,5,5,5,5,4,4,4,4,4
6152,46,0,5,5,5,5,5,5,5,5,5
6153,55,0,5,5,5,5,5,5,5,5,5
6155,31,0,5,5,5,5,5,5,5,5,5
6156,57,0,4,4,4,4,4,4,4,4,4
6158,29,0,5,5,5,5,5,5,5,5,5
6159,51,0,5,5,5,5,5,1,5,5,3
6160,54,1,5,5,5,5,5,5,5,5,5
6161,52,0,5,5,5,5,5,4,4,5,5
6165,62,1,4,5,5,5,5,5,5,5,4
6166,57,0,5,5,5,5,5,5,5,5,5
6170,32,0,5,5,5,5,4,4,3,4,4
6172,36,1,4,5,4,4,3,3,4,4,3
6173,41,0,4,4,5,5,5,4,5,5,5
6173,56,0,3,5,3,4,5,3,4,4,3
6174,36,1,1,5,5,5,5,3,5,5, 
6175,43,1,5,5,5,5,5,5,5,5,5
6176,51,0,5,5,5,5,5,5,5,5,5
6177,46,1,5,5,5,5,5,5,5,5,5
6178,44,0,5,5,5,5,5,5,5,5,5
6179,43,1,5,5,5,5,5,5,5,5,5
6180,18,1,5,5,5,5,5,3,3,5,3
6181,32,1,5,5,5,5,5,4,4,5,4
6182,32,1,5,5,5,5,5,4,4,5,4
6183,24,1,5,5,5,5,5,4,5,5,5
6184,55,1,5,5,5,5,5,5,5,5, 
6185,25,0,4,4,4,4,4,4,4,4,3
6186,55,0,5,5,5,5,5,5,5,5,5
6187,27,0,5,4,5,5,3,1,3,4,1
6188,52,0,5,3,5,5,5,5,5,5,5
6189,24,1,5,4,5,5,4,4,3,4,4
6190,39,0,5,5,5,5,5,5,5,5,5
6191,21,1,4,4,4,4,3,3,4,4,3
6192,26,0,3,4, ,2,3,2,4,4,1
6193,34,1,5,5,5,4,5,3,4,4,5
6194,56,1,5,5,5,5,5,5,5,5,5
6195,48,0,5,5,5,5,5,4,4,5,5
6196,32,0,5,5,5,5,5,4,5,5, 
6197,25,0,5,5,5,5,5,5,5,5,5
6198,28,0,5,5,5,5,1,1,5,5,1
6199,27,1,5,5,5,5,5,5,5,5,5
6200,23,0,5,5,5,5,3,3,4,5,5
6201,30,1,5,5,5,5,5,4,5,5,5
6202,33,1,5,5,5,5,5,5,5,5,5
6203,50,0,5,5,5,5,5,3,5,5,5
6204,71,0,5,5,5,5,4,4,5,5,4
6205,61,1,5,5,5,5,5,5,5,5, 
6220,56,0,5,5,5,5,5,5,5,5,5
6221,54,0,5,5,5,5,5,5,3,5,5
6222,22,1,4,4,2,3,2,3,3,3,3
6223,58,0,5,5,5,5,5,4,4,5,1
6224,65,0,5,5,5,5,5,5,5,5,5
6225,44,0,5,4,5,4,4,4,4,4,4
6226,38,0,5,3,5,5,4,3,4,4,5
6226,63,0,4,4,5,5,5,5,5,5,5
6227,44,0,5,5,5,5,5,5,5,5,5
6227,56,0,5,5,5,5,5,5,5,5,5
6228,43,1,4,4,5,5,3,4,5,4,4
6228,53,1,4,4,4,4,4,3,4,4,4
6229,28,1,5,5,5,5,5,1,4,4,1
6230,30,0,3,3,4,4,3,4,4,4,3
6231,50,0,5,5,5,5,4,4,4,4,4
6232,36,1,5,5,5,5,5,4,4,5,3
6256,54,1,5,5,5,5,5,5,5,5,5
6257,51,1,5,5,5,5,5,4,5,5,5
6258,59,0,5,5,5,5,5,5,5,5,5
6259,17,0,4,5,4,5,2,4,5,3,3
6260,27,1,5,5,5,5,5,5,5,5,5
6261,80,1,5,5,5,4,5,4,4,5,5
6264,19,1,5,5,5,5,5,3,3,5,5
6265,48,1,5,5,5,5,4,4,5,5,5
6278,20,1,5,5,5,4,5,4,5,5,4
6279,23,0,5,4,5,4,3,4,4,4,3
6280,24,1,5,5,5,5,5,5,4,4,5
6281,26,1,5,3,5,5,5,1,3,5, 
6282,52,0,5,4,5,5,4,5,5,5,5
6283,54,0,5,5,5,5,5,5,5,5,3
6284,27,0,5,4,5,5,5,1,3,5, 
6285,55,1,5,3,5,4,3,1,3,3,3
6286,50,1,5,5,5,5,5,5,5,5,5
6287,55,0,5,5,5,5,5,5,5,5,5
6288,24,0,5,5,5,5,5,5,5,5,5
6289,32,0,5,5,5,5,5,5,5,5,5
6290,41,0,5,5,5,5,5,4,5,5,5
6291,40,0,5,5,5,5,5,5,5,5,5
6292,24,0,5,4,5,5,3,3,4,5,5
6293,25,0,5,5,5,5,5,3,5,5,4
6294,54,0,5,4,5,3,4,3,4,4,5
6295,43, ,5,5,5,5,5,5,5,5,5
6296,32,0,5,5,5,4,5,4,5,5,4
6297,63,1,5,5,5,5,5,3,5,5,5
6298,23,1,5,5,5,5,5,5,5,5,5
6299,67,1,5,5,5,5,4,4,4,5, 
6300,44,0,5,5,5,5,5,5,5,5,5
6301,21,1,5,5,5,5,5,5,5,5,5
6302,21,1,4,4,4,3,3,1,3,4,4
6303,45,1,5,5,5,5,5,5,5,5,5
6305,22,0,5,5,5,4,5,3,5,5, 
6306,32,0,4,3,3,4,3,3,4,4,4
6307,19,0, ,3, ,2,2,2,3,2,2
6308,22,1,4,4,5,4,5,4,5,4,3
6309,30,1,5,5,5,5,5,5,5,5, 
6312,54,0,4,4,5,5,5,3,4,4,5
6313,31,1,3,4,3,3,4,3,4,3,3
6314,28,0,4,4,5,5,5,3,4,5,5
6315,50,1,5,4,5,5,5,3,3,5,5
6316,50,1,4,4,4,4,4,4,4,4,4
6317,24,1,5,4,5,5,5,4,5,5,4
6318,33,0,5,5,5,5,4,4,5,5,4
6319,19,1,5,5,5,5,5,4,5,5,4
6320,49,1,3,5,3,5,5,4,5,5,3
6321,28,1,5,5,5,5,5,5,5,5,5
6322,25,1,4,4,4,4,4,4,3,4,4
6323,25,1,5,5,5,5,5,4,4,4,4
6324,17,1,5,3,5,5,5,5,4,5,2
6325,19,0,5,5,5,5,5,5,5,5,5
6326,21,1,3,4,5,4,4,4,5,5,4
6328,16,1,4,4,4,3,4,3,5,5,3
6329,16,0,5,5,5,5,5,5,5,5, 
6330,22,1,4,4,5,4,4,4,5,5,4
6332,27,1,5,5,5,5,5,5,5,5,5
6336,23,1,4,4,4,4,4,2,4,4,2
6337,25,1,4,3,5,3,4,1,4,3,1
14001,65,0,5,5,5,5,5,5,5,5,5
14002,30,0,4,3,4,4,3,4,4,4,3
14003,63,1,4,4,5,4,5,4,5,4,4
14004,21,1,3,3,4,3,4,2,3,3,2
14005,26,0,5,5,5,5,5,5,5,5,5
14006,23,0,5,5,5,5,5,5,5,5,5
14007,51,1,1,1,1,1,1,1,1,1,1
14008,18,1,5,5,5,5,5,4,3,4,4
14009,18,1,5,4,5,5,4,4,4,5,5
14010,18,1,4,4,4,4,4,4,4,4,4
14011,46,0,5,5,5,5,5,5,5,5,5
14012,34,1,5,5,5,5,5,5,5,5,5
14013,39,1,3,5,3,4,5,3,5,4,4
14014,45,1,4,4,3,3,4,3,4,4,3
14015,43,1,5,5,5,5,5,5,4,5,4
14016,29,0,4,5,4,4,4,4,4,4,3
14017,59,1,5,5,5,5,5,5,5,5,5
14019,23,0,5,5,5,5,5,4,5,5,4
14020,21,1,5,5,5,5,5,5,5,5,5
14021,23,0,3,5,5,4,4,3,5,5,3
14022,22,1,4,4,4,4,4,4,4,4,4
14023,27,0,4,4,4,4,4,3,4,4,3
14024,20,0,5,5,5,5,5,5,5,5,5
14025,20,1,5,5,5,4,5,5,4,5,5
14026,30,0,3,3,3,3,3,3,3,3,3
14027,27,1,5,5,5,5,5,3,5,5,1
14028,22,1,4,4,5,4,4,3,4,4,3
14029,27,1,4,4,5,5,5,4,4,4,4
14030,56,0,5,5,5,5,5,5,5,5,5
14034,35,1,5,5,5,5,5,3,4,4,3
14035,30,1,5,5,5,5,4,4,4,5,3
14036,30,0,5,5,5,5,5,5,5,5,5
14037,39,1,3,5,3,3,4,3,5,5,1
14038,29,1,5,5,5,5,5,4,5,5,3
14039,38,1,3,5,3,4,5,4,5,4,1
14040,33,0,5,5,5,5,5,5,5,5,4
14041,31,1,5,5,5,5,5,5,5,5,5
14042,29,1,3,5,5,5,5,5,4,5,5
14043,42,0,3,4,3,2,3,2,4,3,1
14044,41,1,5,5,5,5,5,5,5,5,5
14045,45,1,5,5,5,5,5,5,5,5,5
14046,46,1,5,5,5,5,5,5,5,5,5
14047,42,0,4,4,3,3,3,1,4,4,3
14048,42,1,3,4,3,3,4,3,4,4,3
14049,37,1,5,5,5,5,5,5,5,5,5
14050,37,1,3,5,5,3,3,3,3,4,3
14051,41,1,5,5,5,5,5,5,5,5,5
14052,40,0,4,5,5,5,4,3,4,4,3
14053,32,0,5,5,5,5,5,5,5,5,4
14054,38,0,5,5,5,5,5,5,5,5,3
14055,31,1,5,5,5,5,5,5,5,5,5
14056,57,1,5,5,5,5,5,5,5,5,5
14057,30,1,1,1,1,1,1,1,1,1,1
14058,29,0,5,5,5,5,5,4,5,5,4
14059,39,0,5,5,5,5,5,5,5,5,5
14060,40,0,5,5,5,4,4,4,5,5,3
14061,36,0,5,5,5,5,3,3,5,5,4
14062,33,0,3,3,5,5,5,3,5,5,3
14064,21,1,4,4,4,4,4,4,4,4,4
14065,27,1,5,4,5,5,4,5,4,5,5
14066,29,0,5,5,5,5,5,5,5,5,5
14067,55,1,5,5,5,5,5,5,5,5,5
14068,61,0,5,5,5,5,5,5,5,5,5
14069,69,0,5,5,5,5,5,5,5,5,5
14071,26,0,4,5,5,4,3,4,4,4,5
14072,33,0,4,4,4,4,4,4,4,4,4
14073,36,1,5,3,5,4,4,4,5,5,5
14074,28,1,3,4,5,4,4,3,4,4,3
14075,30,1,5,5,5,5,5,5,5,5,4
14076,29,1,3,3,3,3,3,2,3,3,1
14077,23,0,4,4,5,5,4,3,3,4,3
14078,49,0,3,4,4,4,3,4,4,4,3
14079,32,1,5,5,5,5,5,5,4,5,5
14080,21,1,3,4,4,4,4,3,3,4,3
14081,21,0,5,4,5,3,4,3,3,3,3
14082,21,1,4,4,4,4,4,4,4,4,4
14083,27,1,3,3,3,1,2,1,5,3,1
14084,24,0,5,5,5,4,3,3,5,4,1
14085,21,0,3,5,4,2,4,3,4,3,2
14086,21,1,3,4,3,3,4,2,4,4,3
14087,25,1,4,4,4,4,4,3,4,4,3
14088,30,1,3,4,3,3,4,3,5,5,3
14089,35,1,5,5,5,5,5,5,5,5,5
14090,26,0,4,5,5,4,4,3,5,5,3
14091,57,0,5,5,5,5,5,5,5,5,5
14092,26,1,5,5,5,5,5,5,5,5,5
14093,53,0,5,5,5,5,5,5,5,5,5
14094,18,1,5,5,5,5,4,3,4,5,3
14095,18,0,5,5,5,5,5,3,3,4,5
14096,24,0,5,5,5,5,4,3,3,5,3
14100,38,1,4,4,4,4,4,4,4,3,4
14101,49,1,4,5,5,3,3,4,5,5,3
14102,53,0,4,5,5,5,5,5,5,5,5
14103,18,1,5,5,5,5,5,5,5,5,5
14104,18,1,3,5,2,3,5,2,5,5,1
14105,22,1,4,4,5,4,4,4,4,4,5
14106,23,0,4,4,3,3,4,3,4,3,4
14107,32,0,5,5,5,5,5,5,5,5,4
14108,29,0,4,4,4,3,3,3,4,4,3
14109,25,1,3,5,3,3,4,1,4,5,2
14110,35,1,4,4,4,4,4,4,4,4,2
14111,48,1,2,3,1,1,3,1,1,1,1
14113,24,1,3,4,3,3,4,2,4,4,3
14114,18,0,4,4,5,5,3,4,4,4,3
14115,78,1,4,5,5,4,4,4,5,4,4
14116,80,0,5,5,5,5,5,5,5,5,5
14117,52,1,5,5,5,5,5,5,4,5,5
14118,59,1,5,5,5,5,5,5,5,5,3
14119,29,1,5,5,5,5,5,3,4,4,3
14120,28,0,5,5,5,5,5,5,5,5,5
14121,43,0,5,5,5,5,5,5,5,5,5
14122,25,1,4,5,1,5,5,3,5,5,4
14123,38,1,1,5,1,1,3,1,5,5,1
14124,21,1,4,5,4,5,5,4,5,5,3
14126,28,1,5,5,5,5,5,5,5,5,3
14129,24,0,4,5,5,5,3,4,4,3,3
14130,19,1,3,4,5,4,2,3,3,3,3
14131,19,1,5,5,5,4,5,4,5,5,3
14132,20,1,5,5,5,5,5,5,5,5,3
14133,19,1,5,4,5,5,5,5,5,5,5
14134,28,1,3,4,5,3,3,3,4,3,3
14135,30,0,4,5,5,4,4,4,4,4,4
14136,23,1,3,4,4,4,4,4,3,4,4
14137,54,1,5,5,5,5,5,5,5,5,5
14138,29,1,5,5,5,5,5,4,5,5,5
14139,27,0,4,4,4,4,3,4,3,3,3
14140,60,0,5,5,5,5,5,4,4,5,5
14141,24,0,1,1,5,1,1,1,5,1,1
14142,26,1,5,5,5,5,5,4,5,5,5
14143,26,1,4,4,4,3,3,2,3,3,3
14144,18,0,3,2,3,3,3,3,4,3,2
14145,20,1,5,5,5,5,4,3, , , 
14146,29,0,5,4,5,4,5,3,4,4,5
14147,38,1,4,4,5,3,4,3,4,4,4
14148,28,0,4,4,4,4,4,4,3,3,3
14149,67,0,4,4,4,4,4,4,4,4,4
14150,48,1,5,5,5,5,5,5,5,5,5
14151,23,1,4,4,4,4,4,3,4,4,3
14152,26,1,4,4,5,5,5,5,5,5,5
14153,27,1,3,3,4,3,4,2,3,3,3
14156,18,0,5,5,5,4,4,5,4,5,4
14158,18,0,5,5,5,5,4,5,5,5,4
14159,30,1,2,2,2,2,2,3,2,2,3
14161,30,1,5,5,5,5,5,3,4,5,4
14162,55,1,5,5,5,4,5,3,4,5,3
14163,24,0,3,3,5,4,3,4,4,4,3
14164,53,1,3,4,4,4,4,4,4,4,4
14165,20,0,3,3,3,3,3,3,4,3,1
14166,22,1,4,4,4,4,4,3,4,4,3
14167,26,1,3,2,1,1,2,1,4,3,3
14168,22,1,5,4,5,5,4,4,4,4,3
14169,21,1,4,4,4,4,4,3,3,4,2
14170,21,1,3,4,3,2,4,2,3,3,3
14171,29,1,3,5,5,3,3,1,3,3,3
14172,21,1,5,5,5,5,5,5,5,5,5
14173,25,1,4,4,4,4,4,3,4,4,3
14174,24,1,3,3,4,3,3,2,4,4,3
14176,23,0,4,4,4,4,4,4,4,4,3
14177,26,0,4,3,4,3,3,4,3,3,3
14178,55,1,5,5,5,5,4,4,5,5,5
14179,21,1,4,4,5,5,5,4,5,5,5
14180,23,0,5,4,5,5,4,4,4,5,5
14181,26,0,4,4,4,3,4,3,4,4,3
14182,24,1,5,5,5,5,5,3,5,5,5
14183,23,1,5,5,5,4,5,3,5,5,5
14184,24,0,4,4,4,3,4,3,4,4,2
14185,34,0,4,4,4,4,4,4,4,4,3
14187,44,1,4,4,4,3,4,3,4,4,4
14188,23,1,4,4,4,4,4,3,4,4,3
14189,60,1,5,5,5,5,5,5,5,5,5
14190,75,0,5,5,5,5,5,5,5,5,3
14191,76,1,5,5,5,5,5,5,5,5,3
14192,50,1,5,5,5,5,4,4,5,5,4
14193,53,1,5,5,5,5,5,5,5,5,5
14194,23,1,4,4,4,3,4,3,3,4,3
14195,62,0,5,5,5,5,5,5,5,5,5
14196,28,1,5,5,5,5,5,5,5,5,5
14197,23,1,5,5,5,4,4,4,5,5,2
14198,48,1,5,5,5,4,4,4,5,5,2
14200,51,1,3,1,1,1,4,3,2,2,3
14201,22,1,5,4,5,5,4,5,5,4,4
14202,20,1,5,5,5,5,4,4,5,5,5
14203,20,1,5,5,5,5,5,5,5,5,5
14204,21,1,5,5,5,5,5,5,5,5,5
14205,22,1,5,5,5,5,5,5,5,5,3
14206,21,1,5,5,5,5,5,5,5,5,3
14207,27,0,4,4,5,5,5,4,4,4,3
14208,57,0,5,5,5,5,5,5,5,5,4
14209,57,1,5,5,5,5,5,5,5,5,5
14210,27,1,5,5,5,5,5,5,5,5,5
14211,24,1,4,4,4,4,4,4,5,5,3
14212,26,1,4,4,4,4,4,3,4,4,3
14213,60,1,5,5,5,5,5,4,5,5,5
14214,58,1,3,4,2,3,3,3,4,4,3
14215,33,1,4,4,5,4,3,3,3,3,3
14216,49,1,4,5,5,5,5,4,4,4,3
14217,25,1,4,4,5,5,4,3,5,5,4
14218,32,1,5,5,5,5,4,4,5,5,5
14219,49,1,4,5,5,5,5,5,4,5,4
14220,32,1,5,5,5,4,4,1,3,4,3
14222,25,1,5,5,5,5,5,5,5,5,5
14223,27,1,5,5,5,5,5,5,4,5,5
14224,39,1,4,4,4,5,5,3,2,5,5
14228,31,1,3,5,3,4,5,3,5,5,3
14229,22,1,5,5,5,5,5,5,5,5,4
14230,24,0,4,4,5,4,3,4,4,4,3
14231,18,1,3,5,5,4,5,5,4,4,3
14232,43,1,5,5,5,2,5,2,4,5,4
14232,50,1,5,5,5,5,5,4,5,5,5
14234,42,1,5,5,5,5,4,4,4,5,4
14236,50,1,5,5,5,5,5,4,3,4,4
14237, ,0,5,5,5,4,5,5,5,5,4
14238,21,1,5,5,5,5,5,5,5,5,5
14239,43,1,1,1,1,1,1,1,1,1,1
14240,42,1,1,1,1,1,1,2,1,1,2
14241,51,1,4,5,5,5,5,5,5,5,5
14242,48,0,5,5,5,4,5,4,5,5,1
14243,43,1,5,5,5,5,5,4,5,5,4
14244,48,0,5,5,5,5,5,5,5,5,5
14245,41,1,5,5,5,5,5,5,5,5,5
14246,20,0,3,3,3,3,3,3,3,3,3
14247,69,1,5,5,5,5,5,5,5,5,5
14248,41,1,5,5,5,5,5,5,5,5,4
14249,31,1,4,4,4,4,4,4,4,4,3
14250, ,1,4,4,4,4,4,4,5,5,4
14251,23,1,4,4,4,4,4,3,4,4,2
14252,54,1,5,5,5,5,5,5,5,5,5
14253,26,1,5,5,5,5,5,5,5,5,5
14254,18,1,4,5,5,3,5,3,4,4,4
14255,47,1,3,5,5,5,5,3,4,4,3
14256,29,1,5,5,5,4,4,2,3,4,3
14257,23,0,5,3,5,5,5,3,2,2,3
14258,57,1,5,5,5,5,5,5,5,5,5
14259,27,1,4,5,5,2,4,2,4,4,1
14260,29,0,2,5,3,1,3,1,5,4,1
14261,22,0,5,5,1,5,4,3,4,4,3
14262,29,1,3,4,4,3,3,3,3,3,3
14263,54,0,3,5,4,3,3,2,4,4,2
14264,52,0,5,5,5,5,5,5,5,5,5
14265,46,0,4,5,4,4,4,3,4,4,3
14266,40,1,3,4,3,3,3,3,5,5,3
14268,26,1,5,5,5,5,5,5,5,5,4
14269,36,0,4,4,5,4,4,4,4,4,3
14270,39,1,4,4,5,3,3,3,4,4,3
14271,53,0,3,4,4,3,4,3,4,4,2
14272,20,0,3,4,4,2,3,2,4,3,2
14273,19,1,5,5,5,5,5,4,5,5,4
14274,20,1,5,4,5,5,5,4,4,4,4
14275,21,1,5,3,5,4,4,4,5,5,3
14276,24,1,5,3,5,5,5,5,5,5,5
14277,29,1,5,5,5,5,3,4,5,5,3
14278,31,1,2,5,4,3,5,3,5,4,2
14279,27,1,5,5,5,5,5,5,4,5,5
14280,22,0,5,5,5,5,5,5,5,5,4
14281,20,0,5,5,5,5,5,5,5,5,5
14282,20,0,5,4,4,4,4,3,4,4,3
14283,23,1,4,4,4,4,4,3,4,4,4
14284,19,0,5,5,5,5,5,4,5,5,4
14285,20,0,3,4,5,4,3,3,3,3,3
14286,19,1,3,4,5,3,4,2,2,3,3
14287,20,0,5,1,1,3,5,1,1,1,1
14288,19,0,1,3,2,3,3,3,3,3,3
14289,21,0,3,3,4,2,3,1,3,3,2
14290,19,1,3,3,3,3,3,3,3,3,3
14291,20,0,5,5,5,5,5,4,5,5,5
14292,19,1,3,4,3,3,4,3,4,4,2
14293,18,0,4,3,4,4,4,3,4,4,3
14294,25,1,5,5,5,5,5,5,5,5,5
14295,23,1,5,5,5,5,5,4,5,5,4
14298,21,1,5,5,5,5,5,4,3,4,3
14299,21,1,5,5,5,5,5,5,5,5,5
14300,22,0,3,5,5,3,4,3,4,3,3
14301,20,0,2,2,2,2,4,4,4,4,3
14302,20,0,3,4,4,2,3,2,3,3,2
14303,25,1,4,4,3,3,3,2,3,3,2
14304,25,0,3,3,3,3,4,3,5,3,3
14305,26,1,4,4,4,4,4,3,4,4,3
14306,20,0,1,5,2,5,2,3,2,3,3
14307,20,0,3,3,3,3,3,3,3,3,3
14308,29,0,4,4,4,4,4,5,5,5,4
14309,25,0,5,5,5,5,5,5,5,5,3
14310,50,1,3,4,3,3,2,1,4,3,1
14311,24,0,5,5,5,5,5,5,5,5,3
14312,25,1,4,4,4,3,3,3,4,4,1
14313,23,1,5,5,4,4,4,3,5,4,4
14314,22,0,5,5,5,5,5,5,4,5,5
14315,21,0,2,3,3,3,3,2,3,3,2
14316,23,1,3,5,4,3,5,3,5,4,3
16001,25,1,5,5,5,5,4,4,5,5,5
16002,19,1,4,4,4,3,3,3,4,3,3
16003,26,0,5,5,5,5,5,5,5,5,5
16004,53,1,5,5,5,5,5,5,5,5,5
16005,44,0,4,4,4,4,3,3,4,4,4
16006,28,1,4,4,5,5,5,5,5,5,5
16007,63,0,5,5,5,5,5,5,5,5,5
16008,60,1,5,5,5,5,5,5,5,5,5
16009,26,0,5,5,5,5,5,5,5,5,5
16010,35,1,5,5,5,5,4,4,5,4,5
16019,23,1,5,3,5,3,3,5,5,4,4
16020,57,0,4,4,4,4,4,4,4,4,4
16021,58,1,5,5,5,5,5,5,5,5,5
16022,23,1,5,5,5,5,4,4,5,4,4
16023,18,1,4,4,4,3,3,3,4,3,3
16024,19,1,5,5,5,4,4,5,5,5,5
16025,21,1,5,4,5,5,4,4,5,5,4
16026,24,0,4,4,5,5,4,4,4,5,5
16031,51,1,5,5,5,5,5,5,5,5,5
16032,46,0,5,5,5,5,5,5,5,5,5
16033,36,0,5,5,5,5,4,5,5,5,5
16034,49,0,4,4,5,5,3,5,5,5,3
16035,22,1,5,5,5,5,5,4,5,5,5
16036,55,0,5,5,5,5,5,5,5,5,5
16037,54,1,5,5,5,5,3,5,5,5,5
16038,22,1,3,3,2,3,1,3,3,3,1
16039,20,1,5,5,5,5,5,5,5,5,5
16040,33,1,4,4,4,4,4,4,4,4,4
16041,24,0,4,4,4,4,3,4,4,4,4
16042,21,1,5,5,5,5,2,2,5,5,5
16043,58,1,5,5,5,5,5,5,5,5,5
16044,49,1,5,5,5,5,4,5,5,5,5
16045,21,0,5,5,5,5,4,4,5,4,5
16046,20,1,5,4,4,4,3,4,4,4,3
16047,20,1,5,5,5,5,4,4,4,5,4
16048,20,1,5,5,5,5,5,5,5,4,4
16049,20,0,4,4,4,4,4,4,4,4,3
16051,64,0,5,5,5,5,5,5,5,5,5
16052,36,0,4,4,5,2,2,4,4,2,4
16053,62,1,5,5,5,5,5,5,5,5,5
16054,32,1,4,5,5,4,4,5,5,4,4
16055,31,0,4,4,4,4,4,4,4,4,4
16056,60,1,5,5,5,5,5,5,5,5,5
16057,56,0,5,5,5,5,5,5,5,5,5
16058,65,1,5,5,5,5,5,5,5,5,5
16059,51,1,5,5,5,5,5,5,5,5,5
16060,29,1,5,5,5,5,5,5,5,5,5
16061,21,1,4,5,5,5,3,4,4,4,2
16062,22,0,4,4,5,4,3,3,4,4,4
16063,49,1,4,4,3,3,3,3,4,4,4
16064,27,1,4,4,4,4,3,4,4,3,4
16065,18,0,5,5,5,5,5,5,5,5,5
16066,20,1,5,5,5,5,4,5,5,5,5
16067,37,0,4,5,4,4,5,5,5,5,4
16068,21,0,5,5,5,5,5,5,5,5,3
16069,19,1,4,4,4,4,4,4,4,3,4
16070,33,1,3,3,3,3,3,3,3,3,3
16071,26,1,3,2,2,2,2,2,2,3,1
16072,22,1,3,3,3,3,3,3,3,4,3
16073,25,0,4,4,5,5,5,5,4,3,4
16074,22,0,4,4,5,5,5,5,4,4,5
16075,21,0,5,4,5,5,4,4,5,5,5
16076,26,1,5,4,5,4,2,4,4,4,5
16077,23,0,4,4,5,4,4,5,5,5,3
16078,21,1,3,3,3,3,3,3,3,3,3
16079,21,0,5,5,5,5,5,5,5,4,5
16080,20,0,3,4,5,5,5,4,4,4,4
16081,27,1,3,4,3,3,3,4,3,3,3
16082,19,1,4,4,4,4,3,4,4,4,4
16083,22,1,5,5,5,5,5,5,5,5,5
16084,20,1,5,4,5,5,4,4,5,5,2
16085,22,1,5,5,5,5,5,5,5,5,5
16086,21,1,4,4,4,4,4,4,4,4,4
16087,18,1,5,5,5,5,4,3,4,4,3
16088,23,0,5,5,5,5,5,5,5,5,5
16089,19,1,5,5,5,4,3,5,5,4,3
16090,43,1,4,4,5,4,3,4,5,3,4
16091,22,1,4,4,5,5,5,5,5,5,5
16092,20,1,5,4,5,5,5,5,5,5,5
16093,19,1,5,5,5,5,5,5,5,5,5
16094,18,1,5,5,5,5,5,5,5,5,5
16095,19,1,2,4,3,2,2,4,2,2,2
16096,24,0,5,4,5,5,5,3,5,3,1
16097,20,1,5,5,5,5,5,4,4,4,3
16098,19,1,5,5,5,5,4,3,5,3,3
16099,18,1,5,5,5,5,4,4,5,5,3
16100,22,0,3,3,3,3,4,3,3,3,3
16101,19,1,5,5,5,5,5,4,5,5,4
16102,20,0,5,5,5,4,4,4,4,5,4
16103,18,0,5,4,5,3,3,3,4,4,3
16104,21,1,4,3,4,4,3,3,3,3,3
16105,20,0,4,4,4,4,3,4,4,4,3
16106,20,0,5,5,5,5,5,5,5,5,5
16107,20,0,5,5,5,5,3,4,5,5,4
16108,20,0,5,5,5,4,4,5,5,5,5
16109,22,0,3,4,4,3,2,3,4,4,3
16110,20,0,5,3,5,5,5,5,5,5,5
16111,21,1,5,5,5,5,5,5,5,5,5
16112,21,1,4,4,4,4,4,5,4,3,5
16113,20,1,5,5,5,5,3,5,5,3,2
16114,56,1,5,5,5,5,5,4,5,5,3
16115,40,1,5,5,5,5,5,5,5,5,5
16116,29,0,4,5,5,5,3,4,4,4,3
16117,44,1,5,5,5,5,5,5,5,5,5
16118,47,1,5,5,5,5,5,5,5,5,4
16119,20,1,5,5,5,5,5,5,5,5,5
16120,18,0,5,5,5,5,5,4,5,5,5
16121,62,0,4,4,4,4,2,3,3,4,2
16122,43,0,4,4,4,4,3,4,4,4,3
16123,35,1,5,5,5,4,4,4,4,4,4
16124,22,0,4,4,4,2,2,4,4,3,3
16125,20,1,4,4,4,3,3,4,3,4,3
16126,19,1,3,5,3,3,1,4,3,4,2
16127,28,0,3,3,1,1,1,4,3,3,1
16128,23,1,5,5,5,5,4,5,5,5,3
16129,23,0,1,1,5,5,1,5,2,2,2
16130,22,0,1,1,3,1,1,1,1,1,1
16131,20,0,1,4,1,1,1,4,1,3,1
16132,20,1,5,5,5,5,5,5,5,5,5
16133,20,1,4,4,5,4,2,4,4,4,1
16134,21,1,5,5,5,5,5,5,5,5,5
16135,22,1,1,1,3,1,1,3,2,1,1
16136,23,1,1,1,3,1,1,1,1,1,1
16137,24,0,5,5,5,5,5,5,5,4,5
16138,37,1,5,5,5,5,5,5,5,5,5
16139,29,0,3,4,3,3,3,4,3,3,2
16140,49,1,5,5,5,5,5,5,5,5,3
16141,32,1,5,5,5,5,4,4,5,4,3
16142,23,1,5,5,5,5,4,4,5,5,3
16143,28,1,4,4,4,4,3,4,4,3,3
16144,30,1,4,4,4,4,4,4,4,4,4
16145,25,1,4,4,4,4,3,4,4,4,4
16146,56,0,4,4,4,4,4,3,4,4,2
16147,27,1,4,5,4,3,4,4,4,4,4
16148,25,1,5,5,5,5,5,5,5,4,3
16149,24,1,3,3,1,1,1,2,2,2,2
16150,25,0,5,5,5,5,5,5,5,5,5
16151,25,0,5,5,5,5,5,5,5,5,4
16152,28,0,5,5,5,5,5,5,5,5,5
16153,28,1,5,5,5,5,4,4,4,4,5
16154,26,1,4,4,4,4,4,4,4,4,4
16155,23,1,4,4,4,4,3,4,4,4,3
16156,26,1,5,5,5,5,5,5,5,5,5
16157,30,1,4,4,4,4,3,4,4,4,3
16158,23,0,4,4,4,4,3,4,4,4,3
16159,25,0,3,4,3,3,3,3,3,3,3
16160,30,1,2,4,4,4,4,4,4,3,3
16161,33,1,1,4,1,1,1,4,3,4,1
16162,25,1,5,5,5,5,5,5,5,5,5
16163,32,1,4,4,4,4,3,3,4,4,3
16164,32,1,4,4,4,4,4,4,4,4,4
16165,60,1,4,4,4,5,4,5,4,4,4
16166,27,1,4,4,4,4,3,4,4,4,4
16167,38,1,5,5,5,5,3,3,5,5,4
16168,49,1,4,5,5,3,3,4,4,4,3
16169,23,0,3,4,4,4,3,4,3,3,1
16170,22,1,4,4,4,4,3,4,4,3,3
16171,53,1,5,5,5,5,3,5,5,5,5
16172,51,1,4,4,4,4,4,4,5,4,4
16173,28,0,5,5,5,5,5,5,5,5,5
16174,60,1,5,5,5,5,5,5,5,5,5
16175,26,1,5,5,5,5,5,5,5,5,5
16176,26,0,5,5,5,5,5,5,5,5,5
16177,26,0,5,5,5,5,4,5,5,5,4
16178,57,1,5,5,5,5,4,5,5,5,5
16179,21,1,4,4,4,4,4,4,4,4,2
16180,24,0,5,5,5,5,4,4,5,4,4
16181,23,1,3,4,5,5,3,4,4,5,3
16182,25,1,5,5,5,5,5,5,5,5,5
16183,28,1,4,5,4,4,2,4,4,5,2
16184,18,1,5,5,5,5,5,5,5,5,5
16185,35,1,5,5,5,5,5,5,5,5,5
16186,26,1,5,5,5,5,5,5,5,5,5
16187,24,1,5,5,5,5,4,5,5,5,5
16188,29,1,5,5,5,5,5,5,5,5,5
16189,33,1,5,5,5,5,4,5,5,5,5
16190,29,1,5,5,5,5,5,5,5,5,5
16191,27,1,3,3,3,3,3,3,3,3,3
16192,27,1,5,4,5,4,4,4,4,4,4
16193,34,0,4,5,4,3,2,5,4,3,3
16194,30,1,5,5,5,5,5,5,5,5,5
16195,38,1,5,5,5,5,5,5,5,5,5
16196,27,1,2,2,4,4,4,4,4,4,4
16197,27,1,5,5,5,5,4,5,5,5,5
16198,25,0,3,4,4,4,4,4,4,4,3
16199,26,0,2,3,3,3,2,3,3,3,3
16200,24,0,5,5,5,5,5,5,5,5,5
16201,24,0,5,5,5,5,3,3,3,3,5
16202,19,1,5,5,5,5,3,5,5,5,5
16203,19,0,5,5,5,5,3,3,4,4,5
16204,50,1,5,5,5,5,5,4,4,4,4
16205,22,0,4,4,4,4,3,4,4,4,3
16206,22,1,5,3,5,5,3,4,4,4,5
16207,26,0,3,4,1,4,4,4,4,5,5
16208,22,0,4,4,4,4,3,4,4,3,4
16209,19,1,4,5,4,3,3,4,4,3,1
16210,23,1,4,2,5,3,2,4,4,3,3
16211,20,0,3,3,4,4,3,4,3,3,3
16212,28,1,5,5,5,5,5,5,5,5,5
16213,28,1,4,5,3,4,4,5,5,5,4
16214,26,0,3,5,3,4,3,4,3,4,3
16215,25,0,5,4,4,4,3,4,4,3,1
16216,48,1,5,5,5,5,4,5,5,5,5
16217,45,0,5,5,5,5,5,5,5,5,5
16218,21,0,5,5,5,5,5,5,5,5,5
16219,39, ,4,4,4,4,4,4,4,4,4
16220,19,1,5,3,5,5,3,4,4,4,4
16221,26,1,4,3,4,4,3,3,3,3,3
16222,47,1,5,5,5,5,5,5,5,5,5
16223,33,1,5,4,5,5,4,5,5,4,5
16224,34,1,4,4,5,4,4,5,5,5,5
16225,24,0,5,5,5,4,3,3,5,4,3
16226,24,1,4,4,4,4,3,4,4,4,4
16227,53,1,5,5,5,5,5,5,5,5,5
16228,46,0,5,5,5,5,5,5,5,5,5
16229,50,1,5,5,5,5,5,5,5,5,5
16230,55,0,4,5,5,5,5,5,5,5,5
16231,40,1,4,4,5,5,5,5,4,4,4
16232,47,1,5,5,5,4,4,1,4,4,4
16233,39,0,5,4,5,5,5,5,5,5,5
16234,22,1,4,4,4,4,3,3,3,4,3
16235,22,0,4,4,4,3,2,4,3,4,2
16236,22,1,1,3,1,1,1,1,3,3,3
16237,22,1,5,5,5,5,4,4,5,3,3
16238,22,1,4,3,4,3,2,3,3,4,3
16239,22,1,5,5,5,5,3,5,5,5,3
16240,25,1,5,5,5,5,4,4,5,5,5
16241,34,1,5,5,5,5,5,5,5,5,5
16242,29,1,4,4,4,3,3,4,4,4,3
16243,28,1,5,5,5,5,5,5,5,5,5
16244,31,1,5,5,5,5,4,5,5,5,3
16245,27,1,5,5,5,5,4,5,5,5,5
16246,27,1,4,4,4,4,3,4,4,3,3
16247,30,0,4,4,4,4,4,4,4,4,3
16248,26,1,4,4,4,4,4,4,4,4,4
16249,31,1,5,5,5,5,5,5,5,5,4
16250,22,0,3,3,1,3,3,4,3,3,3
16251,20,1,4,4,4,4,4,4,4,4,4
16252,23,0,4,4,4,3,3,4,4,3,3
16253,32,0,4,4,4,4,1,4,4,4,4
16254,28,0,4,4,4,4,4,4,4,4,4
16255,22,0,4,4,4,4,4,4,4,4,4
16256,23,1,4,4,4,4,3,4,4,4,4
16257,21,0,5,5,5,5,4,4,5,5,5
16258,24,0,3,3,3,3,3,3,3,3,1
16259,21,0,3,3,3,2,3,3,4,3,4
16260,21,1,4,4,4,4,3,4,3,4,3
16261,26,0,4,3,5,3,2,4,4,4,5
16262,21,1,5,5,5,5,5,5,5,5,5
16263,21,0,3,3,4,3,2,3,3,3,3
16264,21,1,4,4,4,4,3,4,4,4,3
16265,21,1,5,5,5,4,3,4,4,4,3
16266,21,1,5,4,5,3,3,4,4,4,3
16267,20,0,4,4,4,4,4,4,4,4,3
16268,25,1,5,5,5,5,5,5,5,5,5
16269,27,1,3,4,3,3,2,4,3,4,3
16270,25,1,5,5,5,5,4,4,4,5,5
16271,27,1,3,4,3,3,3,3,3,3,3
16272,23,1,4,4,4,4,3,5,4,4,3
16273,23,0,5,5,5,5,3,5,5,5,5
16274,30,1,5,5,5,4,4,4,4,4,3
16275,25,1,5,5,5,5,5,5,5,5,5
16276,27,0,4,4,4,4,4,4,4,4,3
16277,19,1,5,5,5,5,4,5,5,5,5
16278,20,1,5,5,5,5,5,5,5,5,5
16279,19,0,5,5,5,5,5,5,5,5,5
16280,20,0,4,4,4,4,3,4,4,4,5
16281,20,0,5,5,5,5,5,5,5,4,5
16282,17,0,5,5,5,5,5,3,5,4,3
16283,21,1,5,5,5,5,5,5,5,5,5
16284,19,0,3,3,2,3,1,4,4,4,5
16285,19,0,5,5,5,4,3,4,4,4,4
16286,20,1,5,5,5,5,3,4,4,4,3
16287,23,1,5,5,5,5,3,3,5,3,3
16288,20,1,4,4,4,4,2,3,3,2,3
16289,23,0,3,3,3,3,3,3,3,3,1
16290,22,0,3,4,3,4,4,3,3,4,3
16291,23,0,5,5,5,5,4,5,5,4,4
16292,23,0,5,4,5,5,4,4,4,4,5
16293,22,0,5,4,5,5,4,4,4,4,3
16297,23,1,5,5,5,5,5,5,5,5,5
16298,24,0,3,5,5,3,3,3,3,4,1
16299,23,1,2,3,3,2,2,3,2,3,2
16300,25,1,5,5,5,5,5,4,5,5,5
16301,18,1,5,4,5,5,3,4,4,4,5
16302,21,0,5,5,5,5,4,5,5,5,5
16303,26,0,3,3,3,3,3,4,3,3,3
16304,19,1,4,3,4,4,3,4,4,4,4
16305,19,1,5,5,5,5,5,5,5,5,5
16306,19,1,4,4,4,4,4,4,4,4,4
16307,18,1,5,5,5,5,5,4,5,5,5
16308,19,0,4,4,4,4,4,4,4,4,4
16309,20,1,1,5,1,3,3,4,3,3,1
16310,21,1,4,5,5,5,3,3,4,4,4
16311,18,1,3,3,5,4,3,4,3,4,1
16312,18,0,2,4,4,3,3,3,4,4,3
16313,18,0,5,5,5,5,5,5,5,4,5
16314,20,0,4,4,4,4,3,4,4,4,4
16315,20,1,4,3,4,4,3,3,4,4,3
16316,18,1,3,5,2,4,3,4,3,3,2
17001,25,1,5,5,5,5,4,4,5,5,5
17001,79,1,5,5,5,5,5,5,5,5,5
17002,19,1,4,4,4,3,3,3,4,3,3
17002,64,0,5,5,4,5,5,5,5,5,5
17003,50,1,3,4,3,3,3,5,4,4,1
17003,26,0,5,5,5,5,5,5,5,5,5
17004,53,1,5,5,5,5,5,5,5,5,5
17004,54,1,5,5,5,5,5,5,5,5,5
17005,44,0,4,4,4,4,3,3,4,4,4
17005,79,1,5,5,3,5,4,5,5,5,5
17006,28,1,4,4,5,5,5,5,5,5,5
17006,60,1,4,5,5,5,5,5,5,5,4
17007,63,0,5,5,5,5,5,5,5,5,5
17007,65,0,5,5,5,5,5,5,5,5,4
17008,60,1,5,5,5,5,5,5,5,5,5
17008,75,1,5,5,5,5,5,5,5,5,5
17009,21,1,5,5,4,5,4,5,5,4,5
17009,26,0,5,5,5,5,5,5,5,5,5
17010,70,0,4,4,5,5,5,4,4,4,4
17010,35,1,5,5,5,5,4,4,5,4,5
17011,53,0,4,4,4,4,4,4,4,4,3
17012,56,0,5,5,5,5,5,5,5,5,5
17013,52,1,5,5,5,5,5,5,5,5,5
17014,56,1,5,5,5,5,3,3,5,3,5
17015,62,1,5,5,5,4,4,5,5,5,5
17016,56,0, ,4,4,5,4,4,5,4,4
17017,53,0,4,4,4,4,4,4,5,5,5
17018,51,1,5,5,3,5,5,5,5,5,5
17019,23,1,5,3,5,3,3,5,5,4,4
17019,54,1,5,5,5,5,5,5,5,5,5
17020,57,0,4,4,4,4,4,4,4,4,4
17020,61,1,5,5,5,5,5,5,5,5,5
17021,51,1,5,5,5,5,5,4,5,5,4
17021,58,1,5,5,5,5,5,5,5,5,5
17022,22,1,4,4,5,4,5,3,4,4,5
17022,23,1,5,5,5,5,4,4,5,4,4
17023,18,1,4,4,4,3,3,3,4,3,3
17023,79,0,3,5,5,5,5,4,4,4,5
17024,19,1,5,5,5,4,4,5,5,5,5
17024,52,1,5,5,5,5,5,4,5,5,5
17025,21,1,5,4,5,5,4,4,5,5,4
17025,51,0,4,5,5,5,3,4,4,4,3
17026,24,0,4,4,5,5,4,4,4,5,5
17026,50,1,5,5,5,5,5,5,5,5,5
17027,52,1,5,5,5,5,3,4,5,4,5
17028,50,1,5,5,5,5,5,5,5,5,4
17029,58,1, ,5, ,3,5,5,3,5,2
17030,67,1,5,5,5,5,5,5,5,5,5
17031,51,1,5,5,5,5,5,5,5,5,5
17032,46,0,5,5,5,5,5,5,5,5,5
17032,21,1,4,5,5,5,3,5,5,5,2
17033,36,0,5,5,5,5,4,5,5,5,5
17034,49,0,4,4,5,5,3,5,5,5,3
17035,22,1,5,5,5,5,5,4,5,5,5
17036,55,0,5,5,5,5,5,5,5,5,5
17037,54,1,5,5,5,5,3,5,5,5,5
17038,22,1,3,3,2,3,1,3,3,3,1
17039,20,1,5,5,5,5,5,5,5,5,5
17040,23,1,4,4,4,4,4,4,4,4,4
17040,33,1,4,4,4,4,4,4,4,4,4
17041,54,1,4,4,4,4,4,4,4,4,4
17041,24,0,4,4,4,4,3,4,4,4,4
17042,21,1,5,5,5,5,2,2,5,5,5
17042,24,1,5,5,5,4,3,4,5,4,4
17043,22,1,4,4,4,4,4,4,4,4,3
17043,58,1,5,5,5,5,5,5,5,5,5
17044,49,1,5,5,5,5,4,5,5,5,5
17044,22,0,5,5,5,5,4,5,5,5,5
17045,22,1,4,4,4,4,3,4,4,4,4
17045,21,0,5,5,5,5,4,4,5,4,5
17046,20,1,5,4,4,4,3,4,4,4,3
17046,64,0,5,5,5,5,5,5,5,5,5
17047,50,1,4,4,4,4,3,3,3,3,2
17047,20,1,5,5,5,5,4,4,4,5,4
17048,22,1,4,4,4,4,3,3,3,3,2
17048,20,1,5,5,5,5,5,5,5,4,4
17049,20,0,4,4,4,4,4,4,4,4,3
17049,50,1,5,5,5,5,5,5,5,5,5
17050,23,0,4,4,4,4,3,4,4,4,3
17051,55,1,5,5,5,5,5,5,5,5,5
17051,64,0,5,5,5,5,5,5,5,5,5
17052,36,0,4,4,5,2,2,4,4,2,4
17052,63,0,5,5,5,5,5,5,5,5,5
17053,23,1,4,4,4,4,3,4,4,3,4
17053,62,1,5,5,5,5,5,5,5,5,5
17054,22,1,4,4,4,3,3,4,4,4,3
17054,32,1,4,5,5,4,4,5,5,4,4
17055,31,0,4,4,4,4,4,4,4,4,4
17055,57,1,4,5,5,5,4,5,5,5,4
17056,60,1,5,5,5,5,5,5,5,5,5
17056,59,0,5,5,4,5,4,3,5,5,5
17057,56,0,5,5,5,5,5,5,5,5,5
17058,65,1,5,5,5,5,5,5,5,5,5
17059,51,1,5,5,5,5,5,5,5,5,5
17060,29,1,5,5,5,5,5,5,5,5,5
17060,23,0,5,5,5,5,5,3,4,3,4
17061,22,1,5,5,5,5,5,5,5,5,5
17061,21,1,4,5,5,5,3,4,4,4,2
17062,22,0,4,4,5,4,3,3,4,4,4
17062,51,1,5,5,5,5,5,5,5,5,5
17063,22,1,5,4,5,5,5,4,4,4,5
17063,49,1,4,4,3,3,3,3,4,4,4
17064,27,1,4,4,4,4,3,4,4,3,4
17064,21,1,5,5,5,5,5,5,5,5,5
17065,52,1,5,4,5,5,5,5,5,5,5
17065,18,0,5,5,5,5,5,5,5,5,5
17066,20,1,5,5,5,5,4,5,5,5,5
17066,20,1,5,5,5,5,5,5,5,5,5
17067,22,0,5,5,5,5,5,5,5,5,5
17067,37,0,4,5,4,4,5,5,5,5,4
17068,21,0,5,5,5,5,5,5,5,5,3
17068,21,0,5,5,5,5,4,4,5,5,4
17069,19,1,4,4,4,4,4,4,4,3,4
17069,22,1,5,5,5,5,5,5,5,5,5
17070,33,1,3,3,3,3,3,3,3,3,3
17070,22,0,5,5,5,5,5,5,5,5,4
17071,26,1,3,2,2,2,2,2,2,3,1
17071,20,1,5,5,5,5,4,4,5,4,3
17072,22,1,3,3,3,3,3,3,3,4,3
17072,61,1,5,5,5,5,4,5,5,5,4
17073,50,0,5,4,5,5,4,4,4,4,5
17073,25,0,4,4,5,5,5,5,4,3,4
17074,22,0,4,4,5,5,5,5,4,4,5
17074,52,1,5,5,4,4,4,5,5,5,5
17075,21,0,5,4,5,5,4,4,5,5,5
17076,26,1,5,4,5,4,2,4,4,4,5
17077,23,0,4,4,5,4,4,5,5,5,3
17078,21,1,3,3,3,3,3,3,3,3,3
17079,21,0,5,5,5,5,5,5,5,4,5
17080,20,0,3,4,5,5,5,4,4,4,4
17081,27,1,3,4,3,3,3,4,3,3,3
17082,19,1,4,4,4,4,3,4,4,4,4
17083,22,1,5,5,5,5,5,5,5,5,5
17084,20,1,5,4,5,5,4,4,5,5,2
17085,22,1,5,5,5,5,5,5,5,5,5
17085,66,0,5,5,5,5,5,5,5,5,5
17086,24,1,5,4,5,5,3,5,5,4,5
17086,21,1,4,4,4,4,4,4,4,4,4
17087,18,1,5,5,5,5,4,3,4,4,3
17087,59,1,5,5,5,5,4,4,5,5,5
17088,22,0,4,4,5,4,3,5,4,4,5
17088,23,0,5,5,5,5,5,5,5,5,5
17089,19,1,5,5,5,4,3,5,5,4,3
17090,43,1,4,4,5,4,3,4,5,3,4
17090,53,1,5,5,5,5,5, ,5,5,5
17091,22,1,4,4,5,5,5,5,5,5,5
17091,52,1,5,5,5,5,4,4,5,5,4
17092,20,1,5,4,5,5,5,5,5,5,5
17092,59,1,5,4,5,5,5,5,5,5,5
17093,19,1,5,5,5,5,5,5,5,5,5
17094,18,1,5,5,5,5,5,5,5,5,5
17095,19,1,2,4,3,2,2,4,2,2,2
17096,24,0,5,4,5,5,5,3,5,3,1
17097,20,1,5,5,5,5,5,4,4,4,3
17098,19,1,5,5,5,5,4,3,5,3,3
17099,18,1,5,5,5,5,4,4,5,5,3
17100,22,0,3,3,3,3,4,3,3,3,3
17101,19,1,5,5,5,5,5,4,5,5,4
17102,20,0,5,5,5,4,4,4,4,5,4
17103,18,0,5,4,5,3,3,3,4,4,3
17104,21,1,4,3,4,4,3,3,3,3,3
17105,20,0,4,4,4,4,3,4,4,4,3
17106,20,0,5,5,5,5,5,5,5,5,5
17107,20,0,5,5,5,5,3,4,5,5,4
17107,66,0,5,5,5,5,5,5,5,5,5
17108,20,0,5,5,5,4,4,5,5,5,5
17108,57,0,5,5,5,5,5,5,5,5,5
17109,54,1,4,4,5,4,4,4,5,4,5
17109,22,0,3,4,4,3,2,3,4,4,3
17110,20,0,5,3,5,5,5,5,5,5,5
17110,57,1,5,5,5,5,5,5,5,5,5
17111,21,1,5,5,5,5,5,5,5,5,5
17112,21,1,4,4,4,4,4,5,4,3,5
17113,20,1,5,5,5,5,3,5,5,3,2
17114,56,1,5,5,5,5,5,4,5,5,3
17115,40,1,5,5,5,5,5,5,5,5,5
17116,29,0,4,5,5,5,3,4,4,4,3
17117,44,1,5,5,5,5,5,5,5,5,5
17118,47,1,5,5,5,5,5,5,5,5,4
17119,20,1,5,5,5,5,5,5,5,5,5
17120,18,0,5,5,5,5,5,4,5,5,5
17121,62,0,4,4,4,4,2,3,3,4,2
17122,43,0,4,4,4,4,3,4,4,4,3
17123,35,1,5,5,5,4,4,4,4,4,4
17124,22,0,4,4,4,2,2,4,4,3,3
17124,52,1,5,5,5,5,5,5,5,5,4
17125,23,1,5,4,5,5,4,4,5,5,5
17125,20,1,4,4,4,3,3,4,3,4,3
17126,19,1,3,5,3,3,1,4,3,4,2
17127,28,0,3,3,1,1,1,4,3,3,1
17128,53,1,3,4,3,3,1,4,4,5,2
17128,23,1,5,5,5,5,4,5,5,5,3
17129,23,0,1,1,5,5,1,5,2,2,2
17129,62,1,5,5,5,5,4,4,5,5,5
17130,22,0,1,1,3,1,1,1,1,1,1
17130,59,1,5,5,5,5,5,5,5,5,5
17131,20,0,1,4,1,1,1,4,1,3,1
17132,60,1,4,4,5,5,4,4,4,4,4
17132,20,1,5,5,5,5,5,5,5,5,5
17133,20,1,4,4,5,4,2,4,4,4,1
17133,63,1,4,4,5,4,3,3,5,5,4
17134,21,1,5,5,5,5,5,5,5,5,5
17134,59,0,5,5,5,5,5,5,5,5,4
17135,22,1,1,1,3,1,1,3,2,1,1
17135,20,1,5,5,5,5,5,5,5,5,5
17136,23,1,1,1,3,1,1,1,1,1,1
17136,61,1,4,4,5,4,4,4,4,4,5
17137,58,0,4,4,4,4,4,4,4,4,5
17137,24,0,5,5,5,5,5,5,5,4,5
17138,37,1,5,5,5,5,5,5,5,5,5
17138,52,1,5,5,5,5,5,5,5,5,5
17139,29,0,3,4,3,3,3,4,3,3,2
17139,60,1,5,5,5,5,4,5,5,5,5
17140,49,1,5,5,5,5,5,5,5,5,3
17141,32,1,5,5,5,5,4,4,5,4,3
17142,23,1,5,5,5,5,4,4,5,5,3
17143,21,0,5,4,5,5,4,4,4,5,3
17143,28,1,4,4,4,4,3,4,4,3,3
17144,30,1,4,4,4,4,4,4,4,4,4
17144,20,1,3,5,3,3,1,3,3,3,1
17145,25,1,4,4,4,4,3,4,4,4,4
17145,20,1,2,4,3,3,2,3,3,4,1
17146,56,0,4,4,4,4,4,3,4,4,2
17146,21,0,5,5,5,5,5,4,4,3,3
17147,22,1,5,5,5,5,5,5,5,5,5
17147,27,1,4,5,4,3,4,4,4,4,4
17148,21,1,4,4,4,4,4,4,4,4,2
17148,25,1,5,5,5,5,5,5,5,4,3
17149,24,1,3,3,1,1,1,2,2,2,2
17149,22,0,5,5,5,5,4,5,5,5,3
17150,54,1,5,5,5,5,4,4,5,5,4
17150,25,0,5,5,5,5,5,5,5,5,5
17151,25,0,5,5,5,5,5,5,5,5,4
17151,66,0,3,5,3,3,2,3,4,4,1
17152,63,1,4,4,4,4,4,4,4,4,4
17152,28,0,5,5,5,5,5,5,5,5,5
17153,28,1,5,5,5,5,4,4,4,4,5
17153,75,1,5,5,4,4,4,4,4,5,4
17154,26,1,4,4,4,4,4,4,4,4,4
17154,56,0,5,5,5,5,5,5,5,5,5
17155,20,1,4,3,3,3,1,2,3,3,1
17155,23,1,4,4,4,4,3,4,4,4,3
17156,74,1,5,4,5,5, ,4,5,4,4
17156,26,1,5,5,5,5,5,5,5,5,5
17157,30,1,4,4,4,4,3,4,4,4,3
17157,54,0,5,5,5,5,5,5,5,5,5
17158,23,0,4,4,4,4,3,4,4,4,3
17158,60,1,5,5,5,5,5,5,5,5,5
17159,25,0,3,4,3,3,3,3,3,3,3
17159,52,1,5,5,5,4,3,4,4,3,3
17160,30,1,2,4,4,4,4,4,4,3,3
17160,74,1,3,5,5,4,4,5,5,4,4
17161,33,1,1,4,1,1,1,4,3,4,1
17162,64,1,4,4,4,4,4,4,4,4,4
17162,25,1,5,5,5,5,5,5,5,5,5
17163,32,1,4,4,4,4,3,3,4,4,3
17163,54,1,5,5,5,5,5,5,5,5,5
17164,32,1,4,4,4,4,4,4,4,4,4
17164,59,1,5,5,5,5,5,5,5,5,5
17165,60,1,4,4,4,5,4,5,4,4,4
17165,56,1,5,5,5,5,3,3,5,4,3
17166,21,1,4,4,4,3,3,3,3,4,4
17166,27,1,4,4,4,4,3,4,4,4,4
17167,20,1,5,5,5,4,4,5,5,5,3
17167,38,1,5,5,5,5,3,3,5,5,4
17168,23,1,4,3,5,2,2,5,3,4,1
17168,49,1,4,5,5,3,3,4,4,4,3
17169,22,1,3,4,4,4,3,4,4,4,3
17169,23,0,3,4,4,4,3,4,3,3,1
17170,22,1,4,4,4,4,3,4,4,3,3
17170,22,0,5,5,5,5,5,5,5,5,5
17171,56,1,4,4,4,4,4,4,4,4,4
17171,53,1,5,5,5,5,3,5,5,5,5
17172,51,1,4,4,4,4,4,4,5,4,4
17172,53,1,5,5,5,5,5,5,5,5,5
17173,77,1,5,5,5,5,5,5, ,5,5
17173,28,0,5,5,5,5,5,5,5,5,5
17174,21,1,5,5,5,5,5,4,4,4,4
17174,60,1,5,5,5,5,5,5,5,5,5
17175,26,1,5,5,5,5,5,5,5,5,5
17176,26,0,5,5,5,5,5,5,5,5,5
17177,26,0,5,5,5,5,4,5,5,5,4
17178,57,1,5,5,5,5,4,5,5,5,5
17179,21,1,4,4,4,4,4,4,4,4,2
17180,24,0,5,5,5,5,4,4,5,4,4
17181,23,1,3,4,5,5,3,4,4,5,3
17182,25,1,5,5,5,5,5,5,5,5,5
17183,28,1,4,5,4,4,2,4,4,5,2
17184,18,1,5,5,5,5,5,5,5,5,5
17185,35,1,5,5,5,5,5,5,5,5,5
17186,23,1,5,5,5,5,5,5,5,5,5
17186,26,1,5,5,5,5,5,5,5,5,5
17187,22,1,5,5,5,5,4,5,5,5,5
17187,24,1,5,5,5,5,4,5,5,5,5
17188,22,0,4,4,4,4,4,4,4,4,3
17188,29,1,5,5,5,5,5,5,5,5,5
17189,22,1,4,4,4,4,3,4,4,4,3
17189,33,1,5,5,5,5,4,5,5,5,5
17190,22,1,5,5,5,4,3,3,4,3,5
17190,29,1,5,5,5,5,5,5,5,5,5
17191,27,1,3,3,3,3,3,3,3,3,3
17191,54,0,5,5,5,5,5,5,5,5,5
17192,27,1,5,4,5,4,4,4,4,4,4
17192,55,1,5,5,5,5,5,4,5,5,5
17193,20,1,5,5,5,5,2,4,4,3,3
17193,34,0,4,5,4,3,2,5,4,3,3
17194,30,1,5,5,5,5,5,5,5,5,5
17194,24,0,5,5,5,5,5,5,5,5,5
17195,38,1,5,5,5,5,5,5,5,5,5
17195,56,0,5,5,5,5,5,5,5,5,5
17196,27,1,2,2,4,4,4,4,4,4,4
17196,54,1,5,5,5,5,5,5,5,5,5
17197,27,1,5,5,5,5,4,5,5,5,5
17197,53,1,5,5,5,5,5,5,5,5,5
17198,25,0,3,4,4,4,4,4,4,4,3
17198,59,0,5,5,5,5,5,4,5,5,5
17199,26,0,2,3,3,3,2,3,3,3,3
17199,50,1,4,4,4,4,4,4,4,4,4
17200,24,0,5,5,5,5,5,5,5,5,5
17200,50,0,5,5,5,5,5,5,5,5,5
17201,22,0,5,5,5,5,5,5,5,5,5
17201,24,0,5,5,5,5,3,3,3,3,5
17202,19,1,5,5,5,5,3,5,5,5,5
17202,23,0,5,5,5,5,5,5,5,5,5
17203,23,1,5,5,5,5,5,5,5,5,5
17203,19,0,5,5,5,5,3,3,4,4,5
17204,22,1,5,5,5,5,5,5,5,5,5
17204,50,1,5,5,5,5,5,4,4,4,4
17205,23,0,3,3,3,3,3,3,3,3,3
17205,22,0,4,4,4,4,3,4,4,4,3
17206,22,1,5,3,5,5,3,4,4,4,5
17206,22,1,4,4,4,4,3,4,4,4,4
17207,26,0,3,4,1,4,4,4,4,5,5
17207,23,0,5,5,5,5,5,5,5,5,5
17208,22,0,4,4,4,4,3,4,4,3,4
17208,20,1,5,5,5,5,5,5,5,5,5
17209,24,0,5,5,5,5,5,5,5,5,5
17209,19,1,4,5,4,3,3,4,4,3,1
17210,23,1,4,2,5,3,2,4,4,3,3
17210,24,0,5,5,5,5,5,5,5,5,5
17211,20,0,3,3,4,4,3,4,3,3,3
17211,24,1,5,5,5,4,4,4,4,3,3
17212,24,1,5,5,5,5,5,5,5,5,5
17212,28,1,5,5,5,5,5,5,5,5,5
17213,24,1,2,4,3,4,2,3,2,2,2
17213,28,1,4,5,3,4,4,5,5,5,4
17214,21,1,5,5,5,5,5,5,5,5,5
17214,26,0,3,5,3,4,3,4,3,4,3
17215,22,0, ,1, , , ,1, ,2, 
17215,25,0,5,4,4,4,3,4,4,3,1
17216,21,1,3,4,3,4,3,4,4,3,2
17216,48,1,5,5,5,5,4,5,5,5,5
17217,20,1,4,4,5,4,3,4,3,3,4
17217,45,0,5,5,5,5,5,5,5,5,5
17218,24,1,5,5,5,5,5,5,5,5,5
17218,21,0,5,5,5,5,5,5,5,5,5
17219,39, ,4,4,4,4,4,4,4,4,4
17219,20,0,4,5,5,5,4,4,5,4,4
17220,19,1,5,3,5,5,3,4,4,4,4
17220,23,0,4,4,4,4,3,4,4,4,4
17221,26,1,4,3,4,4,3,3,3,3,3
17221,22,1,5,5,5,5,5,5,5,5,5
17222,22,1,3,4,4,2,3,3,3,3,1
17222,47,1,5,5,5,5,5,5,5,5,5
17223,33,1,5,4,5,5,4,5,5,4,5
17223,22,1,4,4,5,5,4,4,4,4,4
17224,34,1,4,4,5,4,4,5,5,5,5
17224,51,1,4,4,4,4,5,4,5,4,5
17225,78,1,5,4,4,4,5,4,5,4,5
17225,24,0,5,5,5,4,3,3,5,4,3
17226,24,1,4,4,4,4,3,4,4,4,4
17226,23,0,5,5,5,4,4,5,5,5,5
17227,22,1,3,3,3,3,3,3,3,3,3
17227,53,1,5,5,5,5,5,5,5,5,5
17228,23,1,3,3,3,3,3,3,3,3,3
17228,46,0,5,5,5,5,5,5,5,5,5
17229,23,1,4,3,5,5,3,4,4,4,4
17229,50,1,5,5,5,5,5,5,5,5,5
17230,53,0,4,4,4,4,4,5,5,5,5
17230,55,0,4,5,5,5,5,5,5,5,5
17231,40,1,4,4,5,5,5,5,4,4,4
17231,67,1,4,4,4,5,5,5,5,5,5
17232,20,1,3,3,4,4,3,4,4,3,2
17232,47,1,5,5,5,4,4,1,4,4,4
17233,20,1,5,3,5,3,1,4,5,4,3
17233,39,0,5,4,5,5,5,5,5,5,5
17234,22,1,4,4,4,4,3,3,3,4,3
17234,76,0,5,5,5,5,5,5,5,5,5
17235,22,0,4,4,4,3,2,4,3,4,2
17235,80,1,5,5,5,5,5,5,5,5,5
17236,22,1,1,3,1,1,1,1,3,3,3
17236,64,0,5,5,5,5,5,5,5,5,5
17237,22,1,5,5,5,5,4,4,5,3,3
17237,56,1,5,5,4,4,5,5,4,4,3
17238,22,1,4,3,4,3,2,3,3,4,3
17238,60,1,5,5,5,5,4,5,5,5,4
17239,22,1,5,5,5,5,3,5,5,5,3
17239,59,1,5,5,5,5,5,5,5,5,5
17240,25,1,5,5,5,5,4,4,5,5,5
17240,55,1,5,5,5,5,3,4,5,5,4
17241,34,1,5,5,5,5,5,5,5,5,5
17241,62,1,5,5,5,5,5,5,5,5,5
17242,29,1,4,4,4,3,3,4,4,4,3
17242,23,0,5,5,5,5,4,5,5,5,5
17243,20,1,5,5,5,5,5,3,5,4,5
17243,28,1,5,5,5,5,5,5,5,5,5
17244,31,1,5,5,5,5,4,5,5,5,3
17244,20,0,3,5,3,4,3,5,4,4,2
17245,27,1,5,5,5,5,4,5,5,5,5
17245,21,0,2,5,2,1,2,5,2,5,1
17246,27,1,4,4,4,4,3,4,4,3,3
17246,23,1,5,5,5,5,5,5,5,5,5
17247,24,0,4,4,5,5,4,3,4,4,4
17247,30,0,4,4,4,4,4,4,4,4,3
17248,26,1,4,4,4,4,4,4,4,4,4
17248,21,0,5,5,5,5,4,4,4,4,5
17249,23,1,3,3,2,2,2,4,3,3,1
17249,31,1,5,5,5,5,5,5,5,5,4
17250,22,0,3,3,1,3,3,4,3,3,3
17250,20,1,5,5,5,5,5,5,5,5,5
17251,20,1,4,4,4,4,4,4,4,4,4
17251,20,0,4,4,5,4,4,3,5,5,5
17252,23,0,4,4,4,3,3,4,4,3,3
17252,61,0,4,4,4,4,4,4,4,4,4
17253,32,0,4,4,4,4,1,4,4,4,4
17253,57,1,5,5,5,5,5,5,5,5,5
17254,55,1,4,4,5,5,4,4,4,5,5
17254,28,0,4,4,4,4,4,4,4,4,4
17255,22,0,4,4,4,4,4,4,4,4,4
17255,59,0,5,5,5,5,5,5,5,5,5
17256,23,1,4,4,4,4,3,4,4,4,4
17256,50,1,5,5,5,5,3,4,5,5,3
17257,73,1,4,4,4,4,4,4,4,4,4
17257,21,0,5,5,5,5,4,4,5,5,5
17258,24,0,3,3,3,3,3,3,3,3,1
17258,74,0,5,5,5,5,5,5,5,5,5
17259,21,0,3,3,3,2,3,3,4,3,4
17259,79,1,5,5,5,5,5,5,5,5,5
17260,21,1,4,4,4,4,3,4,3,4,3
17260,64,1,5,5,5,5,3,4,5,5,5
17261,26,0,4,3,5,3,2,4,4,4,5
17261,56,1,4,5,5,5,2,4,4,4,3
17262,21,1,5,5,5,5,5,5,5,5,5
17262,53,1,5,5,5,5,3,4,5,5,3
17263,21,0,3,3,4,3,2,3,3,3,3
17263,23,1,5,5,5,5,4,4,4,4,2
17264,22,0,3,3,3,3,3,3,3,3,3
17264,21,1,4,4,4,4,3,4,4,4,3
17265,20,1,5,5,5,5,5,5,5,5,4
17265,21,1,5,5,5,4,3,4,4,4,3
17266,21,1,5,4,5,3,3,4,4,4,3
17266,20,1,4,5,5,4,4,5,5,5,3
17267,20,0,4,4,4,4,4,4,4,4,3
17267,20,1,5,5,5,5,4,4,5,5,5
17268,25,1,5,5,5,5,5,5,5,5,5
17268,20,0,5,5,5,5,5,5,5,5,5
17269,27,1,3,4,3,3,2,4,3,4,3
17269,20,1,5,5,5,5,5,5,5,5,5
17270,20,1,5,5,5,5,4,5,5,4,4
17270,25,1,5,5,5,5,4,4,4,5,5
17271,22,1,4,4,4,4,4,4,4,4,4
17271,27,1,3,4,3,3,3,3,3,3,3
17272,22,1,5,4,5,4,3,3,4,4,4
17272,23,1,4,4,4,4,3,5,4,4,3
17273,23,1,5,5,5,5,5,5,5,5,5
17273,23,0,5,5,5,5,3,5,5,5,5
17274,22,1,5,3,4,3,5,3,3,4,5
17274,30,1,5,5,5,4,4,4,4,4,3
17275,25,1,5,5,5,5,5,5,5,5,5
17275,56,1,5,5,5,5,5,5,5,5,5
17276,51,1,5, ,5,4,4,4,4,4,5
17276,27,0,4,4,4,4,4,4,4,4,3
17277,23,0,4,4,5,5,4,4,4,4,4
17277,19,1,5,5,5,5,4,5,5,5,5
17278,23,0,3,3,4,3,3,3,3,3,3
17278,20,1,5,5,5,5,5,5,5,5,5
17279,23,1,5,5,5,5,5,5,5,5,5
17279,19,0,5,5,5,5,5,5,5,5,5
17280,20,0,4,4,4,4,3,4,4,4,5
17280,24,1,4,5,4,4,3,5,5,5,3
17281,20,0,5,5,5,5,5,5,5,4,5
17282,17,0,5,5,5,5,5,3,5,4,3
17283,21,1,5,5,5,5,5,5,5,5,5
17283,21,1,5,5,5,5,5,5,5,5,5
17284,19,0,3,3,2,3,1,4,4,4,5
17284,21,1,4,4,5,5,3,4,4,4,3
17285,20,1,5,5,5,5,4,4,5,5,5
17285,19,0,5,5,5,4,3,4,4,4,4
17286,20,1,5,5,5,5,3,4,4,4,3
17286,20,1,5,5,5,5,3,3,5,5,5
17287,23,1,4,4,4,4,3,4,4,4,3
17287,23,1,5,5,5,5,3,3,5,3,3
17288,20,1,4,4,4,4,2,3,3,2,3
17288,23,0,4,4,4,4,4,4,4,4,4
17289,22,0,5,1,5,5,4,3,4,5,4
17289,23,0,3,3,3,3,3,3,3,3,1
17290,22,0,3,4,3,4,4,3,3,4,3
17290,20,1,5,5,5,5,5,5,5,5,5
17291,21,1,5,5,5,5,5,5,5,5,5
17291,23,0,5,5,5,5,4,5,5,4,4
17292,24,1,4,3,2,2,1,3,4,1,1
17292,23,0,5,4,5,5,4,4,4,4,5
17293,22,0,5,4,5,5,4,4,4,4,3
17293,23,1,4,4,4,4,4,3,4,4,4
17294,21,1,5,5,5,5,3,3,5,3,1
17295,20,1,5,5,5,4,4,5,5,5,5
17296,24,0,4,5,4,3,3,4,4,4,3
17297,23,0,3,4,4,4,3,4,4,4,4
17297,23,1,5,5,5,5,5,5,5,5,5
17298,24,0,5,5,5,5,5,5,5,5,4
17298,24,0,3,5,5,3,3,3,3,4,1
17299,23,1,2,3,3,2,2,3,2,3,2
17299,23,1,4,4,4,4,3,4,4,5,5
17300,23,1,5,5,5,5,5,5,5,5,5
17300,25,1,5,5,5,5,5,4,5,5,5
17301,18,1,5,4,5,5,3,4,4,4,5
17301,22,1,5,5,5,5,5,5,5,5,3
17302,21,0,5,5,5,5,4,5,5,5,5
17302,23,0,5,5,5,4,4,5,5,5,3
17303,26,0,3,3,3,3,3,4,3,3,3
17303,21,1,1,3,1,4,1,4,1,5,1
17304,19,1,4,3,4,4,3,4,4,4,4
17304,21,1,3,3,3,3,3,3,3,3,3
17305,22,1,2,4,1,2,1,4,3,3,1
17305,19,1,5,5,5,5,5,5,5,5,5
17306,19,1,4,4,4,4,4,4,4,4,4
17306,21,0,5,5,5,5,5,5,5,5,5
17307,18,1,5,5,5,5,5,4,5,5,5
17307,23,0,5,5,5,5,5,5,5,5,5
17308,19,0,4,4,4,4,4,4,4,4,4
17308,24,1,3,4,4,4,3,5,4,4,3
17309,21,0,5,5,5,5,5,5,5,5,5
17309,20,1,1,5,1,3,3,4,3,3,1
17310,20,1,5,5,5,5,5,5,5,5,5
17310,21,1,4,5,5,5,3,3,4,4,4
17311,18,1,3,3,5,4,3,4,3,4,1
17311,56,1,5,5,5,5,4,5,5,4,4
17312,18,0,2,4,4,3,3,3,4,4,3
17312,55,1,5,5,5,5,5,5,5,5,5
17313,53,1,4,4,4,4,3,4,4,4,3
17313,18,0,5,5,5,5,5,5,5,4,5
17314,56,1,5,4,4,5,4,4,5,4,4
17314,20,0,4,4,4,4,3,4,4,4,4
17315,20,1,4,3,4,4,3,3,4,4,3
17316,61,1,5,5,5,5,5,5,5,5,5
17316,18,1,3,5,2,4,3,4,3,3,2
17317,50,1,5,5,5,5,3,5,5,4,3
17319,59,1,5,5,5,5,5,5,5,5,5
17320,66,1,4,4,4,4,4,4,4,4,4
17321,83,0,5,5,5,5,5,5,5,5,5
17322,82,1,4,4,4,4,4,4,4,4,4
17323,54,1,5,5,5,5,5,5,5,5,5
17324,62,0,4,4,4,4,4,4,5,5,5
17325,54,0,4,4,4,4,5,5,5,5,5
17326,69,1,4,4,4,4,4,4,4,4,5
17327,66,0,4,4,5,4,4,5,4,4,3
17328,64,1,4,4,5,4,4,5,4,4,3
17329,66,0,4,4,4,4,4,4,4,4,4
17330,64,1,5,4,5,5,5,5,5,5,5
17331,63,1,5,5,5,5,5,5,5,5,5
19001,18,1,5,5,5,5,5,5,5,5,5
19002,42,1,5,5,5,5,5,5,5,5,5
19003,27,1,5,5,5,5,5,5,5,5,5
19004,33,0,5,5,5,5,5,5,5,5,5
19005,38,1,5,5,5,5,5,5,5,5,5
19006,35,1,5,5,5,5,5,5,5,5,4
19007,55,1,5,5,5,5,5,5,5,5,4
19008,29,0,5,5,5,5,5,5,5,5,5
19009,29,1,5,5,5,5,5,5,5,5,5
19010,38,0,5,5,5,5,5,5,5,5,5
19011,28,0,5,5,5,5,4,4,5,5,4
19012,47,1,5,5,5,5,5,5,5,5,5
19013, ,1,3, ,4,5,3,4,5,3,4
19014,27,1,4,4,4,4,4,4,4,4,4
19015,33,0,4,4,4,4,4,4,4,4,4
19016,33,1,5,5,5,3,3,5,5,4,4
19017,36,1,5,5,5,5,4,4,4,4,4
19018,26,1,5,5,5,4,3,4,5,5,5
19019,25,0,5,5,4,4,3,5,5,5,3
19020,33,1,5,4,4,3,2,3,4,4,3
19021,28,1,4,5,5,5,3,3,4,4,4
19022,28,1,4,4,5,4,4,4,4,4,4
19023,18,1,5,5,5,5,5,5,5,5,5
19024,55,0,5,5,5,5,5,5,5,5,5
19025,57,1,5,5,5,5,5,5,5,5,5
19026,24,1,3,3,4,3,3,3,3,3,3
19027,24,0,4,4,4,4,3,4,5,5,3
19029,40,0,5,5,5,5,5,5,5,5,4
19030,27,1,4,4,4,3,3,4,4,4,4
19031,20,1,5,5,5,4,3,4,4,4,2
19032,31,0,4,4,4,4,4,4,4,4,4
19033,61,0,4,4,4,4,4,4,4,4,2
19034,36,0,5,5,5,5,5,5,5,5,5
19035,43,1,5,5,5,5,4,5,5,5,4
19036,37,1,5,5,5,5,5,5,5,5,5
19037,43,0,5,5,5,5,5,5,5,5,5
19038,27,0,5,5,5,5,2,5,5,5,2
19039,46,1,5,5,5,5,5,5,5,5,5
19040,26,1,5,5,5,5,5,5,5,5,5
19041,42,0,5,5,5,4,4,5,5,4,5
19042,41,1,1,1,1,1,1,1,1,1,1
19043,33,1,5,5,3,4,3,5,5,5,3
19044,47,0,4,5,5,4,4,5,4,4,3
19045,29,1,5,5,5,5,5,5,5,5,4
19046,76,0,5,5,5,5,5,5,5,5,5
19047,43,1,5,5,5,5,4,5,5,4,5
19048,25,1,5,5,5,5,4,5,5,4,5
19049,28,0,5,5,5,5,5,5,5,5,5
19050,21,1,5,5,5,5,5,5,5,5,5
19051,18,1,4,4,5,4,5,5,5,4,5
19052,30,1,5,5,5,5,5,5,5,5,3
19053,25,1,5,5,5,5,5,5,5,5,5
19054, ,0,4,4,5,4,5,5,4,4,4
19055,47,1,5,5,5,5,5,5,5,5,5
19056,27,1,4,4,4,4,3,4,4,3,3
19057,28,0,5,5,5,5,4,4,5,4,4
19058,29,0,3,3,3,3,1,3,3,1,1
19059,50,1,5,5,5,5,5,5,5,5,5
19060,38,1,5,5,5,5,5,5,5,5,5
19061,24,1,5,3,5,4,3,4,4,4,3
19062,45,1,4, ,5,5,4,5,4,3,3
19063,25,0,3,3,3,2,1,3,3,3,1
19064,29,1,4,5,5,2,1,3,4,4,1
19065,42,1,5,4,5,5,4,5,5,4,4
19066,48,1,5,5,5,5,5,4,5,5,5
19067,58,0,5,5,5,5,5,5,5,5,5
19068,27,0,5,5,5,5,5,5,5,5,5
19069,35,1,5,5,5,5,5,5,5,5,5
19070,44,0,5,5,5,5,5,5,5,5,5
19071,40,1,4,4,4,4,3,4,4,4,4
19072,40,1,4,5,5,4,3,4,4,4,4
19073,26,1,5,5,5,5,5,5,5,5,5
19074,45,1,5,5,5,5,5,5,5,5,5
19075,36,1,4,4,3,4,4,4,4,4,4
19076,39,1,5,5,5,4,3,4,4,5,5
19077,42,0,5,5,5,5,5,5,5,5,5
19078,32,1,5,5,5,5,5,5,5,5,5
19079,23,1,5,5,5,5,5,5,5,5,5
19080,40,0,5,5,5,5,3,3,5,5,5
19081,19,1,3,3,3,2,3,3,3,2,3
19082,41,0,5,5,5,5,5,5,5,5,3
19083,48,1,5,5,5,5,1,4, ,4,4
19084,30,1,4,5,4,4,3,5,4,4,3
19085,33,0,4,4,5,5,3,3,4,4,3
19086,50,1,5,5,5,5,5,5,5,5,5
19087,34,0,5,5,5,5,5,5,5,5,5
19088,25,1,3,5,5,4,4,3,4,4,3
19089,22,1,5,5,5,5,3,5,5,5,3
19090,58,1,5,5,5,5,5,5,5,5,5
19091,43,1,5,5,5,5,4,5,5,5,4
19092,34,1,5,5,5,5,5,5,5,5,5
19093,37,0,5,5,5,5,4,5,5,4,4
19094,44,0,5,5,5,5,5,5,5,5,5
19095,36,1,5,5,5,5,5,5,5,5,5
19096, ,0,5,5,5,5,5,5,5,5,5
19097,55,1,5,5,5,5,4,4,5,4,4
19098,19,1,5,5,5,5,3,4,4,4,4
19099,22,0,5,5,5,5,3,4,4,4,4
19100,18,1,5,5,5,5,5,5,5,5,5
19101,23,0,5,5,5,5,5,5,5,5,5
19102,20,0,3,4,4,3,2,4,4,4,3
19103,24,0,3,5,4,5,3,4,4,5,3
19106,18,1,5,5,5,4,4,4,5,5,5
19107,18,1,5,5,5,5,3,4,5,5,5
19108,18,1,5,5,5,5,5,5,5,5,5
19109,46,0,4,5,4,4,2,4,4,4,1
19110,44,1,5,4,5,5,4,4,5,4,3
19111,37,1,5,5,5,5,4,5,5,5,5
19112,46,0,3,5,4,4,5,5,4,5,4
19113,20,1,5,5,5,5,3,5,5,5,5
19114,20,1,5,4,5,5,3,4,5,2,3
19115,20,1,5,5,5,5,5,5,5,5,4
19116,29,1,3,4,2,3,2,4,3,3,2
19127,18,1,5,5,5,5,5,5,5,5,5
19128,18,1,3,3,4,4,4,3,3,3,4
19129,18,1,5,5,5,5,5,5,5,5,5
19130,43,1,3,4,2,2,1,5,4,4,1
19137,39,0,5,5,5,5,5,5,5,5,5
19138,31,0,5,5,5,5,5,5,5,5,5
19142,26,1,4,4,4,4,4,3,4,4,4
19143,55,0,5,5,5,5,5,5,5,5,5
19144,22,1,5,5,5,5,5,5,5,5,3
19145,18,1,5,5,5,5,5,5,5,5,5
19146,44,0,5,5,5,5,5,4,5,5,4
19147,63,1,4,4,5,5,4,4,4,4,5
19148,19,1,5,5,5,4,4,5,5,5,3
19149,38,1,5,5,5,5,4,5,5,5,4
19150,19,1,5,5,5,4,3,5,5,4,5
19151,40,0,5,5,5,5,4,3,5,5,5
19152,32,1,5,4,5,5,4,5,4,4,4
19153,20,1,5,5,5,3,4,5,5,5,2
19154,19,1,5,5,5,4,3,5,5,4,5
19155,19,1,4,3,5,4,3,3,4,3,5
19156,19,0,5,5,5,5,5,5,5,5,5
19157,60,1,5,5,5,5,5,5,5,5,5
19158,37,1,5,5,5,5,5,5,5,5,5
19159,24,0,4,4,4,3,3,3,3,3,1
19160,19,0,4,4,3,4,5,2,3,4,4
19161,21,1,5,5,5,5,5,5,5,5,5
19162,19,0,3,2,4,3,5,4,2,3,2
19163,18,1,5,5,5,5,5,5,5,5,5
19164,42,1,5,5,5,5,5,5,5,5,5
19165,41,0,4,4,4,4,3,4,4,4,5
19166,46,0,4,4,4,4,3,4,4,4,4
19167,48,1,5,5,5,5,4,4,5,5,5
19168,25,0,3,5,2,3,4,5,3,5,3
19169,55,0,5,5,5,5,5,5,5,5,5
19170,40,1,5,5,5,5,5,5,5,5,5
19172,22,0,5,5,5,5,5,5,5,5,5
19173,24,1,5,5,5,5,2,5,5,5,5
19174,34,1,4,3,5,4,4,4,4,3,3
19175,19,1,5,5,5,5,5,5,5,5,4
19176,48,1,5,5,5,5,5,5,5,5,5
19177,19,1,4,5,5,3,3,4,4,3,3
19178,26,1,5,5,5,5,5,5,5,5,5
19179,56,1,4,5,4,5,4,5,5,5,3
19181,42,1,4,4,4,5,4,4,4,3,3
19182,31,1,5,5,5,5,4,5,5,5,5
19184,19,0,5,5,5,5,5,5,5,5,5
19186,29,1,5,5,5,5,5,5,5,5,5
19187,33,1,4,5,5,5,4,5,5,5,5
19188,35,1,5,5,5,5,5,5,5,5,5
19189,37,1,5,5,5,5,4,4,5,5,4
19190,36,1,4,2,4,4,4,4,4,4,4
19192,33,0,5,5,5,5,5,5,5,5,5
19193,18,1,5,4,4,5,4,5,5,5,5
19195,72, ,5,5,5,5,5,5,5,5,5
19196,75,1,5,5,5,5,4,5,4,5,5
19197,51,1,4,5,5,5,5,5,5,5,5
19198,36,0,4,4,5,5,4,5,5,4,5
19199,33,0,5,5,5,5,5,5,5,5,5
19200,50,1,5,5,5,5,4,4,5,5,4
19201,42,1,4,4,4,4,4,4,4,4,4
19202,62,0,5,5,5,5,5,5,5,5,5
19203,19,0,5,5,5,5,5,5,5,5,5
19204,30,0,4,4,4,4,4,4,4,4,4
19205,27,1,5,5,5,5,5,5,5,5,5
19206,47,0,5,5,5,5,5,5,5,5,5
19207,33,1,5,5,5,5,4,5,5,5,3
19208,32,0,5,5,5,5,4,5,5,5,3
19209,32,0,5,5,5,5,5,5,5,5,5
19210,35,1,5,5,5,5,5,5,5,5,5
19211,47,0,5,5,5,5,5,5,5,5,5
19212,39,1,4,4,5,5,4,4,4,4,4
19213,25,1,5,5,5,5,3,5,5,3,5
19214,47,1,5,5,5,5,3,5,5,4,4
19215,33,1,5,5,5,5,5,5,5,5,5
19216,33,0,5,5,5,5,5,5,5,5,5
19217,44,1,5,5,5,5,4,4,4,4,5
19218,27,1,5,5,5,5,3,5,5,5,5
19219,24,1,5,5,5,5,5,5,5,5,5
19220,50,1,4,3,5,5,4,4,5,5,5
19221,18,1,5,5,5,3,1,5,5,3,4
19222,21,1,5,5,5,5,4,4,5,4,4
19223,40,0,5,5,5,5,3,5,5,4,3
19224,35,1,5,5,5,5,5,5,5,5,5
19225,34,1,4,4,4,4,3,4,4,4,4
19226,24,0,5,5,5,5,5,5,5,5,5
19227,29,0,5,5,5,5,5,5,5,5,5
19228,18,1,5,5,5,5,4,5,5,4,5
19229,28,0,5,4,5,4,4,4,4,4,5
19230,27,1,5,4,5,4,4,4,5,5,5
19231,39,1,4,4,4,3,2,3,3,3,3
19232,22,1,5,5,5,5,4,4,4,4,4
19234,29,1,5,5,5,5,5,5,5,5,5
19236,27,0,5,5,5,5,5,3,5,3,5
19237,25,1,5,4,5,5,5,5,5,5,5
19238,46,1,1,1,4,4,1,5,5,5,5
19239,30,1,1,1,1,4,2,4,4,3,5
19240,18,0,5,5,5,5,5,5,5,5,5
19241,53,1,5,5,5,5,5,5,5,5,5
19242,43,1,5,5,5,5,5,5,5,5,5
19243,34,1,5,5,5,5,5,5,5,5,5
19245,25,1,5,5,5,5,5,5,5,5,5
19246,26,1,5,5,5,5,5,5,5,5,5
19247,36,1,4,4,4,4,4,3,3,3,5
19249,28,0,5,5,5,5,5,5,5,5,5
19250,19,0,5,5,5,5,5,5,5,5,5
